{"stat.chestOpened":4,"stat.drop.minecraft.waterlily":2,"stat.pickup.minecraft.redstone_torch":2,"stat.leaveGame":2,"stat.pickup.minecraft.gravel":10,"stat.pickup.minecraft.waterlily":2,"stat.entityKilledBy.midnight.rifter":1,"stat.pickup.minecraft.stone_axe":1,"stat.jump":661,"stat.swimOneCm":4794,"stat.drop.minecraft.skull":2,"stat.pickup.minecraft.coal":2,"stat.fallOneCm":14080,"stat.useItem.minecraft.planks":1,"stat.drop.minecraft.cobblestone":1,"stat.pickup.minecraft.carrot":21,"stat.useItem.minecraft.stone_axe":35,"stat.pickup.minecraft.porkchop":5,"stat.crouchOneCm":1277,"stat.pickup.minecraft.dirt":20,"stat.mineBlock.charm.cake_swiftness":1,"stat.pickup.minecraft.iron_ore":2,"stat.pickup.minecraft.rotten_flesh":2,"stat.pickup.minecraft.sand":1,"stat.boatOneCm":220627,"stat.drop.quark.tallow":9,"stat.damageTaken":1268,"stat.pickup.minecraft.feather":4,"stat.pickup.minecraft.leather":9,"stat.pickup.minecraft.cobblestone":98,"stat.pickup.minecraft.planks":2,"stat.pickup.minecraft.iron_leggings":1,"stat.flyOneCm":503731,"stat.pickup.minecraft.bed":3,"stat.pickup.minecraft.sandstone":1,"stat.pickup.rustic.honeycomb":4,"stat.pickup.minecraft.wheat_seeds":4,"stat.pickup.minecraft.potato":20,"stat.drop.minecraft.wheat_seeds":4,"stat.drop.minecraft.sand":1,"stat.pickup.quark.tallow":9,"stat.damageDealt":1054,"stat.sleepInBed":1,"stat.timeSinceDeath":20583,"stat.craftItem.minecraft.baked_potato":20,"stat.pickup.tropicraft.bamboo_shoot":6,"stat.killEntity.Cow":3,"stat.mineBlock.minecraft.dirt":1,"stat.drop.minecraft.log":5,"stat.pickup.minecraft.stained_hardened_clay":3,"stat.killEntity.Pig":2,"stat.pickup.minecraft.mutton":6,"stat.useItem.minecraft.air":9,"stat.pickup.minecraft.boat":1,"stat.walkOneCm":301679,"stat.pickup.rustic.bee":2,"stat.drop.minecraft.rotten_flesh":2,"stat.pickup.minecraft.crafting_table":1,"stat.useItem.minecraft.cobblestone":18,"stat.furnaceInteraction":6,"stat.mineBlock.minecraft.double_plant":2,"stat.drop.minecraft.wool":1,"stat.talkedToVillager":1,"stat.drop.minecraft.baked_potato":8,"stat.pickup.minecraft.log":5,"stat.pickup.minecraft.beef":5,"stat.drop.minecraft.carrot":6,"stat.mineBlock.charm.cake_water_breathing":1,"stat.pickup.minecraft.baked_potato":1,"stat.pickup.minecraft.chicken":1,"stat.pickup.minecraft.sapling":1,"stat.sprintOneCm":46378,"stat.drop.minecraft.leather":9,"stat.pickup.minecraft.skull":6,"stat.killEntity.Chicken":1,"stat.pickup.minecraft.fireworks":60,"stat.waystones:waystonesActivated":1,"stat.mobKills":11,"stat.deaths":3,"stat.drop":50,"stat.mineBlock.minecraft.leaves":4,"stat.playOneMinute":75381,"stat.killEntity.Sheep":5,"stat.sneakTime":255,"stat.pickup.minecraft.wool":5,"stat.pickup.rustic.chili_pepper_seeds":2,"stat.useItem.minecraft.baked_potato":3,"stat.mineBlock.minecraft.tallgrass":7,"stat.diveOneCm":25888}