{"stat.chestOpened":6,"stat.drop.minecraft.waterlily":2,"stat.pickup.minecraft.redstone_torch":2,"stat.leaveGame":2,"stat.pickup.minecraft.gravel":19,"stat.pickup.minecraft.waterlily":2,"stat.pickup.mysticalworld.copper_helmet":1,"stat.pickup.minecraft.arrow":2,"stat.mineBlock.minecraft.cobblestone":2,"stat.entityKilledBy.midnight.rifter":1,"stat.pickup.minecraft.stone_axe":2,"stat.useItem.minecraft.mutton":4,"stat.jump":1023,"stat.swimOneCm":6190,"stat.drop.minecraft.skull":2,"stat.pickup.minecraft.coal":2,"stat.fallOneCm":19891,"stat.useItem.minecraft.planks":1,"stat.climbOneCm":3140,"stat.drop.minecraft.cobblestone":1,"stat.pickup.minecraft.carrot":21,"stat.useItem.minecraft.stone_axe":80,"stat.pickup.minecraft.porkchop":5,"stat.crouchOneCm":1489,"stat.pickup.minecraft.dirt":20,"stat.mineBlock.charm.cake_swiftness":1,"stat.pickup.thaumcraft.cinderpearl":1,"stat.pickup.minecraft.iron_ore":2,"stat.craftingTableInteraction":2,"stat.pickup.minecraft.rotten_flesh":4,"stat.pickup.minecraft.sand":1,"stat.boatOneCm":220627,"stat.drop.quark.tallow":9,"stat.pickup.minecraft.pumpkin_pie":1,"stat.damageTaken":1485,"stat.pickup.minecraft.feather":28,"stat.pickup.minecraft.leather":9,"stat.pickup.minecraft.written_book":1,"stat.craftItem.minecraft.stone_pickaxe":1,"stat.pickup.minecraft.cobblestone":116,"stat.pickup.minecraft.planks":2,"stat.pickup.minecraft.iron_leggings":1,"stat.flyOneCm":538939,"stat.pickup.minecraft.bed":4,"stat.pickup.minecraft.sandstone":1,"stat.pickup.rustic.honeycomb":4,"stat.pickup.dungeontactics.flower_fade":3,"stat.pickup.minecraft.wheat_seeds":4,"stat.pickup.minecraft.potato":20,"stat.drop.minecraft.wheat_seeds":4,"stat.drop.minecraft.sand":1,"stat.useItem.minecraft.stone_pickaxe":4,"stat.pickup.quark.tallow":9,"stat.damageDealt":1781,"stat.sleepInBed":2,"stat.timeSinceDeath":57483,"stat.craftItem.minecraft.baked_potato":20,"stat.pickup.tropicraft.bamboo_shoot":10,"stat.killEntity.Cow":3,"stat.mineBlock.minecraft.dirt":1,"stat.drop.minecraft.log":5,"stat.pickup.minecraft.stained_hardened_clay":3,"stat.killEntity.Pig":2,"stat.pickup.minecraft.mutton":15,"stat.useItem.minecraft.air":14,"stat.pickup.minecraft.boat":1,"stat.mineBlock.minecraft.monster_egg":1,"stat.walkOneCm":384166,"stat.pickup.minecraft.armor_stand":1,"stat.pickup.rustic.bee":2,"stat.pickup.roots.wildroot":1,"stat.pickup.minecraft.stick":14,"stat.drop.minecraft.rotten_flesh":3,"stat.pickup.minecraft.crafting_table":1,"stat.useItem.minecraft.cobblestone":31,"stat.pickup.minecraft.stonebrick":1,"stat.furnaceInteraction":6,"stat.mineBlock.minecraft.double_plant":3,"stat.drop.minecraft.wool":1,"stat.talkedToVillager":1,"stat.drop.minecraft.baked_potato":10,"stat.pickup.minecraft.log":5,"stat.pickup.minecraft.beef":5,"stat.drop.minecraft.carrot":6,"stat.mineBlock.charm.cake_water_breathing":1,"stat.pickup.minecraft.baked_potato":1,"stat.pickup.minecraft.chicken":3,"stat.useItem.minecraft.written_book":4,"stat.pickup.minecraft.sapling":2,"stat.sprintOneCm":155631,"stat.drop.minecraft.leather":9,"stat.pickup.minecraft.skull":6,"stat.useItem.minecraft.fireworks":6,"stat.pickup.roughtweaks.salve":1,"stat.mineBlock.minecraft.stonebrick":1,"stat.killEntity.Chicken":1,"stat.pickup.minecraft.fireworks":60,"stat.pickup.thaumcraft.crystal_essence":9,"stat.mineBlock.minecraft.crafting_table":1,"stat.useItem.minecraft.pumpkin_pie":1,"stat.waystones:waystonesActivated":1,"stat.mobKills":12,"stat.drop.minecraft.written_book":1,"stat.deaths":3,"stat.drop":55,"stat.mineBlock.minecraft.leaves":4,"stat.pickup.minecraft.egg":2,"stat.mineBlock.dungeontactics.dungeon_glass":2,"stat.playOneMinute":112281,"stat.killEntity.Sheep":5,"stat.sneakTime":339,"stat.pickup.thaumcraft.amber":1,"stat.pickup.minecraft.wool":9,"stat.pickup.rustic.chili_pepper_seeds":3,"stat.drop.minecraft.stone_axe":1,"stat.useItem.minecraft.baked_potato":11,"stat.killEntity.Zombie":3,"stat.mineBlock.minecraft.tallgrass":8,"stat.diveOneCm":29307}