{"stat.chestOpened":35,"stat.drop.minecraft.stone_pickaxe":1,"stat.drop.minecraft.waterlily":2,"stat.pickup.minecraft.bone":1,"stat.pickup.minecraft.redstone_torch":2,"stat.leaveGame":2,"stat.pickup.minecraft.gravel":19,"stat.pickup.minecraft.waterlily":2,"stat.pickup.mysticalworld.copper_helmet":1,"stat.pickup.minecraft.arrow":3,"stat.mineBlock.minecraft.cobblestone":2,"stat.entityKilledBy.midnight.rifter":1,"stat.pickup.minecraft.stone_axe":2,"stat.useItem.minecraft.mutton":4,"stat.jump":1209,"stat.swimOneCm":6190,"stat.drop.minecraft.skull":2,"stat.pickup.minecraft.coal":2,"stat.fallOneCm":21627,"stat.useItem.minecraft.planks":1,"stat.climbOneCm":16353,"stat.drop.minecraft.cobblestone":1,"stat.pickup.minecraft.carrot":22,"stat.useItem.minecraft.stone_axe":89,"stat.drop.minecraft.stone_sword":1,"stat.pickup.minecraft.porkchop":5,"stat.crouchOneCm":1489,"stat.pickup.minecraft.dirt":22,"stat.mineBlock.charm.cake_swiftness":1,"stat.pickup.thaumcraft.cinderpearl":1,"stat.pickup.minecraft.iron_ore":2,"stat.craftingTableInteraction":5,"stat.pickup.minecraft.rotten_flesh":4,"stat.pickup.minecraft.sand":1,"stat.boatOneCm":220627,"stat.drop.quark.tallow":9,"stat.pickup.minecraft.pumpkin_pie":1,"stat.damageTaken":1498,"stat.pickup.minecraft.feather":28,"stat.pickup.minecraft.leather":9,"stat.pickup.minecraft.written_book":1,"stat.craftItem.minecraft.stone_pickaxe":1,"stat.pickup.minecraft.cobblestone":118,"stat.pickup.minecraft.planks":2,"stat.pickup.minecraft.iron_leggings":1,"stat.flyOneCm":546029,"stat.pickup.minecraft.bed":4,"stat.pickup.minecraft.sandstone":1,"stat.pickup.rustic.honeycomb":4,"stat.pickup.dungeontactics.flower_fade":3,"stat.pickup.minecraft.wheat_seeds":4,"stat.pickup.minecraft.potato":20,"stat.drop.minecraft.wheat_seeds":4,"stat.drop.minecraft.sand":1,"stat.useItem.minecraft.stone_pickaxe":4,"stat.pickup.quark.tallow":9,"stat.damageDealt":1923,"stat.pickup.minecraft.redstone":6,"stat.sleepInBed":3,"stat.timeSinceDeath":81783,"stat.craftItem.minecraft.baked_potato":20,"stat.pickup.tropicraft.bamboo_shoot":10,"stat.killEntity.Cow":3,"stat.mineBlock.minecraft.dirt":1,"stat.drop.minecraft.log":5,"stat.pickup.minecraft.stained_hardened_clay":3,"stat.killEntity.Pig":2,"stat.pickup.minecraft.mutton":15,"stat.useItem.minecraft.air":14,"stat.pickup.minecraft.boat":1,"stat.mineBlock.minecraft.monster_egg":1,"stat.walkOneCm":427083,"stat.pickup.minecraft.armor_stand":1,"stat.pickup.rustic.bee":2,"stat.pickup.roots.wildroot":1,"stat.pickup.minecraft.stick":14,"stat.drop.minecraft.rotten_flesh":3,"stat.pickup.minecraft.crafting_table":2,"stat.useItem.minecraft.cobblestone":33,"stat.pickup.minecraft.stonebrick":1,"stat.furnaceInteraction":7,"stat.mineBlock.minecraft.double_plant":3,"stat.drop.minecraft.wool":1,"stat.talkedToVillager":1,"stat.drop.minecraft.baked_potato":10,"stat.pickup.minecraft.log":6,"stat.pickup.minecraft.beef":5,"stat.useItem.minecraft.redstone":1,"stat.drop.minecraft.carrot":6,"stat.mineBlock.charm.cake_water_breathing":1,"stat.pickup.minecraft.baked_potato":1,"stat.pickup.minecraft.chicken":3,"stat.useItem.minecraft.written_book":4,"stat.pickup.minecraft.sapling":2,"stat.sprintOneCm":179511,"stat.pickup.dungeontactics.bag_tool":1,"stat.drop.minecraft.leather":9,"stat.pickup.minecraft.skull":7,"stat.useItem.minecraft.fireworks":6,"stat.drop.minecraft.stone_hoe":1,"stat.killEntity.Skeleton":1,"stat.pickup.roughtweaks.salve":1,"stat.mineBlock.minecraft.stonebrick":1,"stat.craftItem.minecraft.planks":4,"stat.killEntity.Chicken":1,"stat.pickup.minecraft.fireworks":60,"stat.pickup.futuremc.cornflower":1,"stat.pickup.thaumcraft.crystal_essence":21,"stat.mineBlock.minecraft.crafting_table":1,"stat.useItem.minecraft.pumpkin_pie":1,"stat.waystones:waystonesActivated":1,"stat.mobKills":13,"stat.drop.minecraft.written_book":1,"stat.useItem.minecraft.golden_apple":1,"stat.deaths":3,"stat.drop":59,"stat.mineBlock.minecraft.leaves":4,"stat.pickup.minecraft.egg":2,"stat.mineBlock.dungeontactics.dungeon_glass":2,"stat.playOneMinute":136581,"stat.killEntity.Sheep":5,"stat.sneakTime":438,"stat.pickup.thaumcraft.amber":1,"stat.pickup.minecraft.wool":9,"stat.pickup.rustic.chili_pepper_seeds":3,"stat.drop.minecraft.stone_axe":2,"stat.useItem.minecraft.baked_potato":11,"stat.killEntity.Zombie":3,"stat.mineBlock.minecraft.tallgrass":9,"stat.diveOneCm":29307}