{"stat.drop.minecraft.stone_pickaxe":1,"stat.drop.minecraft.waterlily":2,"stat.pickup.minecraft.bone":8,"stat.pickup.minecraft.redstone_torch":2,"stat.useItem.minecraft.iron_axe":67,"stat.leaveGame":3,"stat.mineBlock.minecraft.cobblestone":3,"stat.entityKilledBy.midnight.rifter":1,"stat.mineBlock.thaumcraft.ore_quartz":1,"stat.pickup.minecraft.stone_pickaxe":1,"stat.useItem.harvestcraft.hazelnutitem":1,"stat.drop.minecraft.redstone":5,"stat.pickup.ebwizardry.spell_book":3,"stat.useItem.heroicarmory.gowleviathan":57,"stat.useItem.minecraft.mutton":4,"stat.swimOneCm":25092,"stat.drop.minecraft.skull":2,"stat.pickup.dungeontactics.flower_sanguine":2,"stat.useItem.minecraft.planks":1,"stat.climbOneCm":26997,"stat.drop.minecraft.cobblestone":1,"stat.pickup.mysticalworld.spindle":1,"stat.pickup.minecraft.porkchop":5,"stat.drop.ebwizardry.magic_crystal":2,"stat.mineBlock.charm.cake_swiftness":1,"stat.pickup.minecraft.rotten_flesh":16,"stat.pickup.minecraft.sand":1,"stat.drop.ebwizardry.identification_scroll":1,"stat.pickup.tropicraft.flower":2,"stat.useItem.minecraft.egg":4,"stat.pickup.minecraft.pumpkin_pie":1,"stat.pickup.minecraft.cobblestone_wall":3,"stat.killEntity.archer":1,"stat.craftItem.minecraft.stone_pickaxe":1,"stat.pickup.minecraft.cobblestone":186,"stat.entityKilledBy.cyclops":1,"stat.useItem.minecraft.stone_shovel":4,"stat.flyOneCm":726845,"stat.pickup.minecraft.sandstone":1,"stat.pickup.rustic.honeycomb":4,"stat.pickup.dungeontactics.flower_fade":3,"stat.pickup.quark.marble":1,"stat.drop.minecraft.wheat_seeds":4,"stat.drop.minecraft.sand":1,"stat.useItem.harvestcraft.plumitem":6,"stat.pickup.endreborn.food_ender_flesh":1,"stat.pickup.quark.tallow":9,"stat.pickup.minecraft.redstone":6,"stat.pickup.patchouli.guide_book":2,"stat.mineBlock.minecraft.iron_ore":14,"stat.timeSinceDeath":1560,"stat.pickup.tropicraft.bamboo_shoot":10,"stat.drop.minecraft.log":5,"stat.useItem.minecraft.iron_pickaxe":122,"stat.pickup.minecraft.stained_hardened_clay":3,"stat.pickup.minecraft.mutton":18,"stat.drop.minecraft.cooked_mutton":5,"stat.pickup.minecraft.armor_stand":1,"stat.trappedChestTriggered":1,"stat.pickup.minecraft.cake":2,"stat.pickup.minecraft.stonebrick":1,"stat.furnaceInteraction":12,"stat.pickup.ebwizardry.magic_crystal":13,"stat.drop.minecraft.wool":1,"stat.mineBlock.minecraft.coal_ore":47,"stat.pickup.ebwizardry.smoke_bomb":1,"stat.talkedToVillager":1,"stat.drop.minecraft.baked_potato":10,"stat.pickup.minecraft.string":2,"stat.mineBlock.minecraft.grass":6,"stat.pickup.minecraft.beef":5,"stat.useItem.minecraft.cooked_mutton":4,"stat.useItem.minecraft.redstone":1,"stat.useItem.minecraft.written_book":4,"stat.killEntity.ancientspellcraft:evil_class_wizard":1,"stat.sprintOneCm":503876,"stat.drop.minecraft.leather":9,"stat.pickup.minecraft.skull":15,"stat.drop.minecraft.stone_hoe":1,"stat.mineBlock.tropicraft.pineapple":1,"stat.pickup.dungeontactics.iron_glaive":1,"stat.pickup.minecraft.stone_stairs":2,"stat.pickup.minecraft.fireworks":60,"stat.pickup.thaumcraft.crystal_essence":61,"stat.mineBlock.minecraft.crafting_table":1,"stat.useItem.minecraft.pumpkin_pie":1,"stat.pickup.thaumcraft.nugget":1,"stat.waystones:waystonesActivated":1,"stat.useItem.minecraft.carrot":16,"stat.entityKilledBy.Creeper":2,"stat.killEntity.ebwizardry:wizard":1,"stat.deaths":9,"stat.mineBlock.minecraft.planks":15,"stat.drop":86,"stat.pickup.minecraft.egg":6,"stat.playOneMinute":280088,"stat.pickup.spartanshields.shield_basic_tin":1,"stat.killEntity.Sheep":6,"stat.mineBlock.mysticalagriculture.prosperity_ore":1,"stat.killEntity.Zombie":5,"stat.useItem.dungeontactics.iron_glaive":21,"stat.mineBlock.minecraft.tallgrass":32,"stat.craftItem.minecraft.cooked_mutton":11,"stat.diveOneCm":62199,"stat.chestOpened":62,"stat.entityKilledBy.seaserpent":2,"stat.drop.minecraft.hopper":1,"stat.pickup.spartanweaponry.mace_iron":1,"stat.pickup.minecraft.gravel":19,"stat.pickup.minecraft.waterlily":2,"stat.pickup.mysticalworld.copper_helmet":1,"stat.pickup.minecraft.arrow":5,"stat.pickup.minecraft.stone_axe":2,"stat.useItem.minecraft.apple":17,"stat.killEntity.Vex":1,"stat.drop.minecraft.apple":1,"stat.pickup.dungeontactics.barrel":1,"stat.jump":2148,"stat.pickup.minecraft.coal":48,"stat.fallOneCm":49973,"stat.pickup.minecraft.iron_ingot":12,"stat.pickup.minecraft.carrot":22,"stat.useItem.minecraft.trapped_chest":1,"stat.useItem.minecraft.stone_axe":97,"stat.drop.minecraft.stone_sword":1,"stat.pickup.minecraft.gunpowder":1,"stat.crouchOneCm":1596,"stat.pickup.minecraft.rail":4,"stat.craftItem.minecraft.iron_ingot":2,"stat.pickup.dungeontactics.bag_potion":1,"stat.pickup.minecraft.dirt":53,"stat.pickup.minecraft.golden_leggings":1,"stat.pickup.thaumcraft.cinderpearl":1,"stat.mineBlock.tropicraft.flower":1,"stat.pickup.minecraft.iron_ore":16,"stat.craftingTableInteraction":6,"stat.boatOneCm":233181,"stat.drop.quark.tallow":9,"stat.pickup.rustic.tomato_seeds":1,"stat.pickup.minecraft.iron_axe":1,"stat.mineBlock.minecraft.stone_stairs":3,"stat.damageTaken":3882,"stat.pickup.minecraft.feather":28,"stat.pickup.minecraft.leather":9,"stat.pickup.minecraft.written_book":1,"stat.mineBlock.minecraft.torch":5,"stat.pickup.mysticalagriculture.crafting":8,"stat.pickup.minecraft.planks":8,"stat.mineBlock.harvestcraft.pamplum":2,"stat.pickup.minecraft.iron_leggings":1,"stat.pickup.minecraft.bed":8,"stat.pickup.minecraft.wheat_seeds":6,"stat.pickup.minecraft.potato":20,"stat.entityKilledBy.Zombie":1,"stat.useItem.minecraft.stone_pickaxe":4,"stat.pickup.embers.ore_aluminum":4,"stat.damageDealt":5401,"stat.sleepInBed":9,"stat.craftItem.minecraft.baked_potato":20,"stat.killEntity.Cow":4,"stat.mineBlock.minecraft.dirt":5,"stat.killEntity.Pig":2,"stat.pickup.minecraft.chainmail_boots":1,"stat.useItem.minecraft.air":21,"stat.pickup.minecraft.boat":1,"stat.mineBlock.minecraft.monster_egg":1,"stat.walkOneCm":859493,"stat.pickup.rustic.bee":2,"stat.useItem.minecraft.torch":14,"stat.useItem.minecraft.bread":5,"stat.pickup.roots.wildroot":1,"stat.pickup.minecraft.stick":14,"stat.drop.minecraft.rotten_flesh":3,"stat.pickup.minecraft.crafting_table":2,"stat.useItem.minecraft.cobblestone":47,"stat.mineBlock.minecraft.double_plant":4,"stat.mineBlock.ebwizardry.crystal_ore":2,"stat.pickup.minecraft.log":10,"stat.pickup.harvestcraft.hazelnutitem":1,"stat.pickup.dungeontactics.heart_jar":1,"stat.mineBlock.dungeontactics.flower_sanguine":1,"stat.pickup.dungeontactics.flower_ailment":1,"stat.drop.minecraft.carrot":6,"stat.mineBlock.thaumcraft.crystal_terra":5,"stat.mineBlock.charm.cake_water_breathing":1,"stat.pickup.minecraft.baked_potato":1,"stat.pickup.minecraft.chicken":9,"stat.pickup.minecraft.sapling":6,"stat.pickup.dungeontactics.bag_tool":1,"stat.pickup.minecraft.apple":1,"stat.useItem.minecraft.fireworks":6,"stat.pickup.minecraft.banner":4,"stat.mineBlock.mysticalworld.amethyst_ore":1,"stat.killEntity.Skeleton":2,"stat.useItem.spartanweaponry.mace_iron":17,"stat.pickup.roughtweaks.salve":2,"stat.mineBlock.minecraft.stonebrick":1,"stat.craftItem.minecraft.planks":4,"stat.killEntity.Chicken":1,"stat.pickup.futuremc.cornflower":1,"stat.pickup.minecraft.bread":16,"stat.pickup.minecraft.dark_oak_stairs":6,"stat.mobKills":22,"stat.drop.thaumcraft.crystal_essence":12,"stat.pickup.minecraft.quartz":1,"stat.pickup.harvestcraft.plumitem":6,"stat.drop.minecraft.written_book":1,"stat.useItem.minecraft.golden_apple":1,"stat.pickup.embers.ancient_motive_core":1,"stat.mineBlock.minecraft.leaves":12,"stat.mineBlock.dungeontactics.dungeon_glass":2,"stat.pickup.minecraft.torch":21,"stat.sneakTime":470,"stat.pickup.thaumcraft.amber":1,"stat.pickup.minecraft.wool":11,"stat.pickup.rustic.chili_pepper_seeds":3,"stat.mineBlock.minecraft.cobblestone_wall":3,"stat.drop.minecraft.stone_axe":2,"stat.useItem.minecraft.baked_potato":11,"stat.pickup.minecraft.yellow_flower":1,"stat.mineBlock.minecraft.stone":21,"stat.pickup.minecraft.trapped_chest":2,"stat.pickup.minecraft.chest":15}