{"stat.chestOpened":4,"stat.useItem.minecraft.air":9,"stat.pickup.minecraft.boat":1,"stat.drop.minecraft.waterlily":2,"stat.walkOneCm":256132,"stat.pickup.minecraft.redstone_torch":2,"stat.leaveGame":2,"stat.drop.minecraft.rotten_flesh":2,"stat.pickup.minecraft.gravel":8,"stat.pickup.minecraft.waterlily":2,"stat.pickup.minecraft.crafting_table":1,"stat.entityKilledBy.midnight.rifter":1,"stat.useItem.minecraft.cobblestone":16,"stat.pickup.minecraft.stone_axe":1,"stat.furnaceInteraction":6,"stat.talkedToVillager":1,"stat.drop.minecraft.baked_potato":8,"stat.jump":550,"stat.swimOneCm":4126,"stat.drop.minecraft.skull":2,"stat.pickup.minecraft.coal":2,"stat.fallOneCm":11700,"stat.useItem.minecraft.planks":1,"stat.pickup.minecraft.beef":5,"stat.drop.minecraft.carrot":6,"stat.drop.minecraft.cobblestone":1,"stat.pickup.minecraft.carrot":21,"stat.useItem.minecraft.stone_axe":17,"stat.pickup.minecraft.porkchop":5,"stat.crouchOneCm":1277,"stat.mineBlock.charm.cake_water_breathing":1,"stat.pickup.minecraft.baked_potato":1,"stat.pickup.minecraft.chicken":1,"stat.pickup.minecraft.dirt":20,"stat.sprintOneCm":46378,"stat.mineBlock.charm.cake_swiftness":1,"stat.pickup.minecraft.skull":6,"stat.pickup.minecraft.iron_ore":2,"stat.pickup.minecraft.rotten_flesh":2,"stat.pickup.minecraft.sand":1,"stat.boatOneCm":220627,"stat.drop.quark.tallow":9,"stat.killEntity.Chicken":1,"stat.damageTaken":1268,"stat.pickup.minecraft.feather":4,"stat.pickup.minecraft.leather":9,"stat.waystones:waystonesActivated":1,"stat.mobKills":6,"stat.pickup.minecraft.cobblestone":98,"stat.pickup.minecraft.planks":2,"stat.pickup.minecraft.iron_leggings":1,"stat.flyOneCm":503178,"stat.pickup.minecraft.bed":3,"stat.deaths":3,"stat.pickup.minecraft.sandstone":1,"stat.pickup.minecraft.wheat_seeds":4,"stat.drop":34,"stat.mineBlock.minecraft.leaves":2,"stat.pickup.minecraft.potato":20,"stat.playOneMinute":61126,"stat.drop.minecraft.wheat_seeds":4,"stat.sneakTime":255,"stat.pickup.quark.tallow":9,"stat.damageDealt":626,"stat.useItem.minecraft.baked_potato":3,"stat.sleepInBed":1,"stat.timeSinceDeath":6328,"stat.craftItem.minecraft.baked_potato":20,"stat.pickup.tropicraft.bamboo_shoot":6,"stat.killEntity.Cow":3,"stat.mineBlock.minecraft.dirt":1,"stat.pickup.minecraft.stained_hardened_clay":3,"stat.killEntity.Pig":2,"stat.mineBlock.minecraft.tallgrass":2,"stat.diveOneCm":23311}