{"stat.drop.minecraft.stone_pickaxe":1,"stat.drop.minecraft.waterlily":2,"stat.pickup.minecraft.bone":2,"stat.pickup.minecraft.redstone_torch":2,"stat.useItem.minecraft.iron_axe":33,"stat.leaveGame":3,"stat.mineBlock.minecraft.cobblestone":3,"stat.entityKilledBy.midnight.rifter":1,"stat.mineBlock.thaumcraft.ore_quartz":1,"stat.pickup.minecraft.stone_pickaxe":1,"stat.drop.minecraft.redstone":5,"stat.pickup.ebwizardry.spell_book":3,"stat.useItem.minecraft.mutton":4,"stat.swimOneCm":11087,"stat.drop.minecraft.skull":2,"stat.pickup.dungeontactics.flower_sanguine":2,"stat.useItem.minecraft.planks":1,"stat.climbOneCm":21822,"stat.drop.minecraft.cobblestone":1,"stat.pickup.minecraft.porkchop":5,"stat.drop.ebwizardry.magic_crystal":2,"stat.mineBlock.charm.cake_swiftness":1,"stat.pickup.minecraft.rotten_flesh":6,"stat.pickup.minecraft.sand":1,"stat.drop.ebwizardry.identification_scroll":1,"stat.pickup.minecraft.pumpkin_pie":1,"stat.pickup.minecraft.cobblestone_wall":3,"stat.craftItem.minecraft.stone_pickaxe":1,"stat.pickup.minecraft.cobblestone":186,"stat.useItem.minecraft.stone_shovel":4,"stat.flyOneCm":632386,"stat.pickup.minecraft.sandstone":1,"stat.pickup.rustic.honeycomb":4,"stat.pickup.dungeontactics.flower_fade":3,"stat.pickup.quark.marble":1,"stat.drop.minecraft.wheat_seeds":4,"stat.drop.minecraft.sand":1,"stat.pickup.endreborn.food_ender_flesh":1,"stat.pickup.quark.tallow":9,"stat.pickup.minecraft.redstone":6,"stat.pickup.patchouli.guide_book":2,"stat.mineBlock.minecraft.iron_ore":14,"stat.timeSinceDeath":61216,"stat.pickup.tropicraft.bamboo_shoot":10,"stat.drop.minecraft.log":5,"stat.useItem.minecraft.iron_pickaxe":120,"stat.pickup.minecraft.stained_hardened_clay":3,"stat.pickup.minecraft.mutton":15,"stat.drop.minecraft.cooked_mutton":5,"stat.pickup.minecraft.armor_stand":1,"stat.pickup.minecraft.cake":2,"stat.pickup.minecraft.stonebrick":1,"stat.furnaceInteraction":12,"stat.pickup.ebwizardry.magic_crystal":9,"stat.drop.minecraft.wool":1,"stat.mineBlock.minecraft.coal_ore":47,"stat.pickup.ebwizardry.smoke_bomb":1,"stat.talkedToVillager":1,"stat.drop.minecraft.baked_potato":10,"stat.pickup.minecraft.string":2,"stat.mineBlock.minecraft.grass":4,"stat.pickup.minecraft.beef":5,"stat.useItem.minecraft.cooked_mutton":4,"stat.useItem.minecraft.redstone":1,"stat.useItem.minecraft.written_book":4,"stat.sprintOneCm":341805,"stat.drop.minecraft.leather":9,"stat.pickup.minecraft.skull":12,"stat.drop.minecraft.stone_hoe":1,"stat.pickup.minecraft.stone_stairs":2,"stat.pickup.minecraft.fireworks":60,"stat.pickup.thaumcraft.crystal_essence":61,"stat.mineBlock.minecraft.crafting_table":1,"stat.useItem.minecraft.pumpkin_pie":1,"stat.pickup.thaumcraft.nugget":1,"stat.waystones:waystonesActivated":1,"stat.entityKilledBy.Creeper":2,"stat.deaths":5,"stat.mineBlock.minecraft.planks":12,"stat.drop":86,"stat.pickup.minecraft.egg":5,"stat.playOneMinute":243188,"stat.killEntity.Sheep":5,"stat.mineBlock.mysticalagriculture.prosperity_ore":1,"stat.killEntity.Zombie":3,"stat.mineBlock.minecraft.tallgrass":18,"stat.craftItem.minecraft.cooked_mutton":11,"stat.diveOneCm":46442,"stat.chestOpened":51,"stat.drop.minecraft.hopper":1,"stat.pickup.minecraft.gravel":19,"stat.pickup.minecraft.waterlily":2,"stat.pickup.mysticalworld.copper_helmet":1,"stat.pickup.minecraft.arrow":5,"stat.pickup.minecraft.stone_axe":2,"stat.useItem.minecraft.apple":15,"stat.killEntity.Vex":1,"stat.drop.minecraft.apple":1,"stat.jump":1761,"stat.pickup.minecraft.coal":48,"stat.fallOneCm":33474,"stat.pickup.minecraft.iron_ingot":12,"stat.pickup.minecraft.carrot":22,"stat.useItem.minecraft.stone_axe":97,"stat.drop.minecraft.stone_sword":1,"stat.pickup.minecraft.gunpowder":1,"stat.crouchOneCm":1552,"stat.pickup.minecraft.rail":4,"stat.craftItem.minecraft.iron_ingot":2,"stat.pickup.minecraft.dirt":52,"stat.pickup.minecraft.golden_leggings":1,"stat.pickup.thaumcraft.cinderpearl":1,"stat.pickup.minecraft.iron_ore":16,"stat.craftingTableInteraction":6,"stat.boatOneCm":220627,"stat.drop.quark.tallow":9,"stat.pickup.minecraft.iron_axe":1,"stat.mineBlock.minecraft.stone_stairs":3,"stat.damageTaken":2107,"stat.pickup.minecraft.feather":28,"stat.pickup.minecraft.leather":9,"stat.pickup.minecraft.written_book":1,"stat.mineBlock.minecraft.torch":4,"stat.pickup.mysticalagriculture.crafting":7,"stat.pickup.minecraft.planks":8,"stat.pickup.minecraft.iron_leggings":1,"stat.pickup.minecraft.bed":7,"stat.pickup.minecraft.wheat_seeds":6,"stat.pickup.minecraft.potato":20,"stat.useItem.minecraft.stone_pickaxe":4,"stat.pickup.embers.ore_aluminum":4,"stat.damageDealt":2720,"stat.sleepInBed":8,"stat.craftItem.minecraft.baked_potato":20,"stat.killEntity.Cow":4,"stat.mineBlock.minecraft.dirt":5,"stat.killEntity.Pig":2,"stat.pickup.minecraft.chainmail_boots":1,"stat.useItem.minecraft.air":17,"stat.pickup.minecraft.boat":1,"stat.mineBlock.minecraft.monster_egg":1,"stat.walkOneCm":722537,"stat.pickup.rustic.bee":2,"stat.useItem.minecraft.torch":14,"stat.pickup.roots.wildroot":1,"stat.pickup.minecraft.stick":14,"stat.drop.minecraft.rotten_flesh":3,"stat.pickup.minecraft.crafting_table":2,"stat.useItem.minecraft.cobblestone":45,"stat.mineBlock.minecraft.double_plant":3,"stat.mineBlock.ebwizardry.crystal_ore":2,"stat.pickup.minecraft.log":6,"stat.mineBlock.dungeontactics.flower_sanguine":1,"stat.pickup.dungeontactics.flower_ailment":1,"stat.drop.minecraft.carrot":6,"stat.mineBlock.thaumcraft.crystal_terra":5,"stat.mineBlock.charm.cake_water_breathing":1,"stat.pickup.minecraft.baked_potato":1,"stat.pickup.minecraft.chicken":9,"stat.pickup.minecraft.sapling":6,"stat.pickup.dungeontactics.bag_tool":1,"stat.pickup.minecraft.apple":1,"stat.useItem.minecraft.fireworks":6,"stat.pickup.minecraft.banner":4,"stat.mineBlock.mysticalworld.amethyst_ore":1,"stat.killEntity.Skeleton":1,"stat.pickup.roughtweaks.salve":1,"stat.mineBlock.minecraft.stonebrick":1,"stat.craftItem.minecraft.planks":4,"stat.killEntity.Chicken":1,"stat.pickup.futuremc.cornflower":1,"stat.pickup.minecraft.bread":14,"stat.pickup.minecraft.dark_oak_stairs":6,"stat.mobKills":17,"stat.drop.thaumcraft.crystal_essence":12,"stat.pickup.minecraft.quartz":1,"stat.drop.minecraft.written_book":1,"stat.useItem.minecraft.golden_apple":1,"stat.mineBlock.minecraft.leaves":4,"stat.mineBlock.dungeontactics.dungeon_glass":2,"stat.pickup.minecraft.torch":21,"stat.sneakTime":455,"stat.pickup.thaumcraft.amber":1,"stat.pickup.minecraft.wool":9,"stat.pickup.rustic.chili_pepper_seeds":3,"stat.mineBlock.minecraft.cobblestone_wall":3,"stat.drop.minecraft.stone_axe":2,"stat.useItem.minecraft.baked_potato":11,"stat.mineBlock.minecraft.stone":21,"stat.pickup.minecraft.trapped_chest":2,"stat.pickup.minecraft.chest":15}