{"stat.pickup.minecraft.wooden_slab":104,"stat.useItem.rustic.cohosh":1,"stat.leaveGame":5,"stat.drop.minecraft.redstone":2,"stat.pickup.ebwizardry.spell_book":7,"stat.mineBlock.rustic.leaves":46,"stat.mineBlock.minecraft.sandstone":18,"stat.mineBlock.soot.sulfur_ore":1,"stat.mineBlock.harvestcraft.beehive":1,"stat.pickup.colossalchests.colossal_chest":15,"stat.mineBlock.minecraft.web":1,"stat.drop.minecraft.feather":1,"stat.pickup.xreliquary.mob_ingredient":5,"stat.pickup.dungeontactics.mushroom_silver":1,"stat.drop.iceandfire.manuscript":1,"stat.pickup.minecraft.rotten_flesh":59,"stat.drop.minecraft.redstone_torch":2,"stat.killEntity.Donkey":2,"stat.pickup.minecraft.cobblestone_wall":2,"stat.killEntity.Enderman":1,"stat.useItem.rustic.planks":3,"stat.mineBlock.minecraft.wooden_slab":37,"stat.drop.tropicraft.bamboo_shoot":64,"stat.mineBlock.rustic.log":9,"stat.drop.minecraft.sand":64,"stat.drop.ancientspellcraft.crystal_shard_sorcery":2,"stat.drop.ebwizardry.spell_book":2,"stat.pickup.quark.tallow":6,"stat.pickup.tropicraft.bamboo_shoot":256,"stat.pickup.embers.archaic_bricks":7,"stat.useItem.minecraft.iron_pickaxe":629,"stat.killEntity.myrmex_worker":1,"stat.killEntity.midnight.rifter":1,"stat.pickup.minecraft.double_plant":6,"stat.mineBlock.embers.archaic_bricks":3,"stat.drop.endreborn.catalyst":1,"stat.pickup.rustic.wildberries":1,"stat.furnaceInteraction":9,"stat.useItem.minecraft.golden_carrot":9,"stat.pickup.harvestcraft.cherryitem":5,"stat.pickup.harvestcraft.cornitem":1,"stat.pickup.iceandfire.manuscript":3,"stat.pickup.minecraft.beef":75,"stat.pickup.ebwizardry.arcane_tome":1,"stat.drop.levelup2.skillbook":1,"stat.pickup.ancientspellcraft.crystal_shard_sorcery":8,"stat.mineBlock.minecraft.stained_hardened_clay":6,"stat.useItem.rustic.wildberries":1,"stat.useItem.rustic.wind_thistle":1,"stat.pickup.minecraft.potion":1,"stat.pickup.thaumcraft.crystal_essence":467,"stat.killEntity.Husk":1,"stat.pickup.rustic.olives":7,"stat.mineBlock.embers.ore_copper":13,"stat.pickup.minecraft.emerald":77,"stat.useItem.minecraft.dye":5,"stat.pickup.minecraft.bowl":3,"stat.deaths":1,"stat.pickup.minecraft.egg":7,"stat.pickup.minecraft.clock":2,"stat.craftItem.minecraft.iron_pickaxe":2,"stat.drop.minecraft.iron_ingot":2,"stat.pickup.dungeontactics.flower_cinder":2,"stat.mineBlock.minecraft.tallgrass":148,"stat.pickup.dungeontactics.bag_food":4,"stat.pickup.minecraft.cooked_mutton":12,"stat.chestOpened":209,"stat.pickup.mysticalworld.venison":2,"stat.drop.xreliquary.mob_ingredient":1,"stat.useItem.roots.stone_knife":1,"stat.pickup.minecraft.arrow":56,"stat.pickup.dungeontactics.bag_ore":1,"stat.killEntity.Vex":2,"stat.pickup.minecraft.gold_nugget":20,"stat.drop.mysticalworld.aubergine_seed":1,"stat.drop.rustic.slate":3,"stat.drop.minecraft.iron_pickaxe":2,"stat.pickup.minecraft.carrot":70,"stat.drop.minecraft.stone_sword":1,"stat.crouchOneCm":19877,"stat.mineBlock.minecraft.chest":12,"stat.pickup.minecraft.rail":2,"stat.craftItem.minecraft.iron_ingot":35,"stat.drop.embers.ancient_motive_core":3,"stat.drop.minecraft.mushroom_stew":1,"stat.killEntity.furantur":4,"stat.mineBlock.tropicraft.flower":2,"stat.craftingTableInteraction":24,"stat.pickup.minecraft.mushroom_stew":3,"stat.drop.minecraft.double_plant":1,"stat.mineBlock.dungeontactics.trap_ambush":1,"stat.drop.embers.ore_tin":4,"stat.pickup.ebwizardry.identification_scroll":1,"stat.pickup.minecraft.dye":104,"stat.pickup.minecraft.planks":154,"stat.pickup.minecraft.wheat_seeds":8,"stat.drop.mysticalagriculture.crafting":33,"stat.useItem.tropicraft.pineapple_cubes":2,"stat.killEntity.pvj_goon":2,"stat.mineBlock.minecraft.dirt":244,"stat.killEntity.VindicationIllager":3,"stat.drop.roughtweaks.plaster":1,"stat.useItem.minecraft.bread":1,"stat.pickup.roots.wildroot":2,"stat.drop.dungeontactics.flower_sanguine":2,"stat.killEntity.pvj_shade":3,"stat.drop.minecraft.rotten_flesh":12,"stat.drop.minecraft.porkchop":6,"stat.useItem.minecraft.cobblestone":26,"stat.useItem.minecraft.gravel":1,"stat.mineBlock.minecraft.double_plant":15,"stat.mineBlock.thaumcraft.crystal_aer":8,"stat.drop.minecraft.chicken":8,"stat.pickup.minecraft.iron_pickaxe":4,"stat.drop.minecraft.iron_ore":14,"stat.drop.minecraft.carrot":11,"stat.drop.minecraft.sapling":4,"stat.pickup.minecraft.hopper":9,"stat.pickup.minecraft.chicken":19,"stat.pickup.minecraft.tipped_arrow":253,"stat.drop.minecraft.gold_nugget":10,"stat.pickup.minecraft.apple":20,"stat.useItem.minecraft.fireworks":12,"stat.drop.thaumcraft.nugget":1,"stat.pickup.roughtweaks.salve":4,"stat.craftItem.minecraft.planks":160,"stat.pickup.futuremc.cornflower":11,"stat.drop.futuremc.cornflower":3,"stat.pickup.minecraft.stone_sword":4,"stat.drop.thaumcraft.crystal_essence":169,"stat.useItem.minecraft.stonebrick":1,"stat.mineBlock.minecraft.log":125,"stat.pickup.megaloot.tool_axe":4,"stat.mineBlock.minecraft.waterlily":2,"stat.useItem.mysticalworld.venison":1,"stat.pickup.embers.ancient_motive_core":8,"stat.mineBlock.dungeontactics.dungeon_glass":1,"stat.pickup.dungeontactics.bag_quiver":8,"stat.killEntity.pvj_ghost":6,"stat.pickup.minecraft.wool":46,"stat.killEntity.siren":3,"stat.mineBlock.thaumcraft.ore_cinnabar":2,"stat.cakeSlicesEaten":5,"stat.useItem.minecraft.iron_axe":191,"stat.mineBlock.minecraft.pumpkin":1,"stat.mineBlock.minecraft.cobblestone":19,"stat.pickup.tropicraft.pineapple_cubes":2,"stat.pickup.minecraft.stone_pickaxe":3,"stat.pickup.minecraft.flint":20,"stat.mineBlock.minecraft.yellow_flower":2,"stat.useItem.minecraft.skull":3,"stat.mineBlock.thaumcraft.ore_amber":4,"stat.drop.minecraft.cobblestone":289,"stat.pickup.minecraft.cooked_porkchop":5,"stat.drop.minecraft.beetroot_soup":2,"stat.useItem.embers.archaic_bricks":3,"stat.pickup.harvestcraft.cactusfruititem":3,"stat.useItem.minecraft.cookie":1,"stat.pickup.minecraft.iron_boots":3,"stat.killEntity.deathworm":1,"stat.pickup.minecraft.stone_hoe":3,"stat.pickup.minecraft.pumpkin_pie":1,"stat.pickup.mysticalworld.silkworm_egg":4,"stat.drop.dungeontactics.magic_scroll":2,"stat.pickup.minecraft.record_chirp":1,"stat.killEntity.entity_beetle":1,"stat.flyOneCm":1664996,"stat.pickup.minecraft.sandstone":9,"stat.pickup.rustic.honeycomb":8,"stat.pickup.minecraft.fish":1,"stat.pickup.rustic.slate":12,"stat.useItem.harvestcraft.plumitem":4,"stat.useItem.spartanweaponry.longbow_invar":4,"stat.timeSinceDeath":8187,"stat.craftItem.rustic.planks":36,"stat.pickup.dungeontactics.magic_scroll":11,"stat.useItem.minecraft.wooden_slab":78,"stat.mineBlock.rustic.cohosh":1,"stat.pickup.ebwizardry.arcane_workbench":1,"stat.pickup.harvestcraft.breadedporkchopitem":40,"stat.mineBlock.signpost.blockbasemodel6":1,"stat.mineBlock.dungeontactics.bush_incindiberry":1,"stat.killEntity.entity_silkworm":1,"stat.mineBlock.minecraft.coal_ore":27,"stat.drop.minecraft.wool":10,"stat.useItem.dungeontactics.ration_iron":1,"stat.mineBlock.pvj.log_palm":1,"stat.pickup.minecraft.shield":3,"stat.killEntity.Creeper":5,"stat.talkedToVillager":1,"stat.pickup.extrautils2.ingredients":4,"stat.pickup.rustic.planks":3,"stat.pickup.soot.sulfur_clump":3,"stat.pickup.minecraft.string":10,"stat.useItem.minecraft.written_book":3,"stat.sprintOneCm":584913,"stat.mineBlock.minecraft.stone_slab":2,"stat.drop.minecraft.leather":35,"stat.pickup.mysticalworld.beetle_mask":2,"stat.killEntity.ebwizardry:evil_wizard":4,"stat.drop.roughtweaks.salve":1,"stat.drop.minecraft.stone_hoe":1,"stat.drop.tropicraft.flower":1,"stat.pickup.roots.bark_spruce":4,"stat.mineBlock.dungeontactics.flower_ailment":1,"stat.pickup.minecraft.fireworks":108,"stat.craftItem.mysticalagriculture.tier1_inferium_seeds":1,"stat.waystones:waystonesActivated":1,"stat.killEntity.CultistKnight":1,"stat.pickup.dungeontactics.ration_iron":1,"stat.drop.minecraft.boat":2,"stat.mineBlock.quark.marble":1,"stat.pickup.harvestcraft.cassavaitem":1,"stat.pickup.ebwizardry.ruined_spell_book":9,"stat.mineBlock.mysticalagriculture.prosperity_ore":14,"stat.killEntity.Zombie":25,"stat.craftItem.minecraft.dye":58,"stat.pickup.dungeontactics.magic_powder":9,"stat.pickup.roots.terra_spores":2,"stat.mineBlock.minecraft.gold_ore":5,"stat.diveOneCm":99688,"stat.pickup.minecraft.wheat":6,"stat.mineBlock.minecraft.mossy_cobblestone":1,"stat.pickup.tropicraft.pineapple":23,"stat.pickup.minecraft.stone_axe":6,"stat.drop.minecraft.golden_shovel":1,"stat.drop.harvestcraft.bellpepperitem":1,"stat.mineBlock.dungeontactics.flower_bark":1,"stat.useItem.minecraft.rotten_flesh":3,"stat.jump":4230,"stat.useItem.minecraft.sand":19,"stat.pickup.uniquecrops.seednormal":4,"stat.pickup.minecraft.coal":241,"stat.pickup.minecraft.iron_ingot":10,"stat.pickup.minecraft.gunpowder":17,"stat.craftItem.minecraft.torch":64,"stat.pickup.minecraft.dirt":1081,"stat.mineBlock.pvj.redwood_bark":16,"stat.pickup.rustic.log":9,"stat.pickup.minecraft.gold_ore":5,"stat.pickup.rustic.wind_thistle":2,"stat.mineBlock.harvestcraft.aridgarden":3,"stat.pickup.minecraft.cookie":1,"stat.pickup.minecraft.iron_axe":1,"stat.damageTaken":2742,"stat.pickup.minecraft.written_book":5,"stat.mineBlock.minecraft.torch":7,"stat.useItem.thaumcraft.brain":2,"stat.pickup.ebwizardry.crystal_flower":1,"stat.pickup.minecraft.bed":15,"stat.useItem.spartanweaponry.katana_invar":165,"stat.pickup.minecraft.potato":12,"stat.pickup.extrautils2.largishchest":5,"stat.drop.embers.archaic_bricks":2,"stat.drop.thaumcraft.brain":3,"stat.pickup.harvestcraft.sushiitem":48,"stat.drop.rustic.ginseng":1,"stat.killEntity.Silverfish":3,"stat.useItem.minecraft.air":103,"stat.drop.roots.stone_knife":1,"stat.drop.patchouli.guide_book":1,"stat.useItem.minecraft.melon":1,"stat.useItem.megaloot.tool_axe":705,"stat.pickup.minecraft.baked_potato":12,"stat.drop.minecraft.potato":3,"stat.pickup.minecraft.ender_pearl":9,"stat.pickup.minecraft.cooked_beef":3,"stat.pickup.minecraft.ladder":1,"stat.mineBlock.mysticalworld.amethyst_ore":3,"stat.mineBlock.minecraft.stonebrick":8,"stat.pickup.harvestcraft.queenbeeitem":1,"stat.pickup.harvestcraft.cucumberitem":1,"stat.pickup.minecraft.dark_oak_stairs":22,"stat.mobKills":180,"stat.drop.minecraft.written_book":3,"stat.useItem.minecraft.boat":4,"stat.pickup.minecraft.diamond":8,"stat.pickup.minecraft.torch":92,"stat.killEntity.ebwizardry:remnant":6,"stat.pickup.thaumcraft.brain":8,"stat.drop.minecraft.stone_axe":2,"stat.mineBlock.rustic.wind_thistle":1,"stat.pickup.ftbquests.book":4,"stat.pickup.colossalchests.chest_wall":110,"stat.pickup.dungeontactics.bag_magic":2,"stat.pickup.dungeontactics.trap_ambush":1,"stat.mineBlock.ebwizardry.crystal_flower":1,"stat.mineBlock.thaumcraft.ore_quartz":4,"stat.pickup.dungeontactics.cherry_bomb":5,"stat.mineBlock.dungeontactics.trap_port":1,"stat.pickup.pvj.slime_droplet":4,"stat.useItem.minecraft.mutton":3,"stat.drop.uniquecrops.seednormal":3,"stat.pickup.charm.record_nether2":6,"stat.pickup.dungeontactics.flower_sanguine":7,"stat.useItem.minecraft.planks":17,"stat.drop.roots.wildroot":1,"stat.useItem.minecraft.golden_shovel":517,"stat.drop.minecraft.bowl":1,"stat.pickup.minecraft.porkchop":15,"stat.drop.endreborn.food_ender_flesh":1,"stat.pickup.minecraft.sand":386,"stat.mineBlock.rustic.beehive":1,"stat.pickup.pvj.spectral_wrappings":61,"stat.pickup.minecraft.name_tag":4,"stat.killEntity.archer":3,"stat.drop.megaloot.tool_axe":2,"stat.pickup.ebwizardry.spectral_dust":5,"stat.pickup.minecraft.chainmail_chestplate":1,"stat.mineBlock.minecraft.sand":231,"stat.pickup.patchouli.guide_book":2,"stat.pickup.dungeontactics.bush_incindiberry":1,"stat.pickup.minecraft.ghast_tear":6,"stat.pickup.minecraft.armor_stand":1,"stat.mineBlock.extrautils2.largishchest":3,"stat.mineBlock.minecraft.dark_oak_stairs":10,"stat.mineBlock.futuremc.cornflower":1,"stat.useItem.rustic.ginseng":4,"stat.pickup.embers.archaic_brick":80,"stat.drop.embers.ore_aluminum":4,"stat.pickup.minecraft.furnace":1,"stat.mineBlock.harvestcraft.windygarden":1,"stat.drop.dungeontactics.flower_fade":4,"stat.mineBlock.thaumcraft.cinderpearl":1,"stat.drop.harvestcraft.breadedporkchopitem":20,"stat.pickup.minecraft.iron_chestplate":4,"stat.drop.ebwizardry.ruined_spell_book":5,"stat.pickup.minecraft.skull":13,"stat.killEntity.pvj_small_spider":5,"stat.mineBlock.tropicraft.pineapple":20,"stat.drop.pvj.log_redwood":14,"stat.mineBlock.embers.ore_tin":4,"stat.pickup.minecraft.stone_stairs":9,"stat.useItem.minecraft.pumpkin_pie":3,"stat.pickup.thaumcraft.nugget":3,"stat.pickup.minecraft.golden_carrot":8,"stat.drop.minecraft.fireworks":54,"stat.useItem.tropicraft.pineapple":3,"stat.mineBlock.minecraft.oak_stairs":2,"stat.playOneMinute":289428,"stat.pickup.mysticalworld.aubergine_seed":2,"stat.useItem.harvestcraft.breadedporkchopitem":4,"stat.killEntity.pvj_snail":5,"stat.pickup.ancientspellcraft.transmutation_scroll":2,"stat.drop.minecraft.chest":8,"stat.pickup.minecraft.iron_bars":4,"stat.pickup.minecraft.pumpkin":1,"stat.mineBlock.colossalchests.colossal_chest":15,"stat.pickup.iceandfire.myrmex_desert_chitin":16,"stat.useItem.minecraft.fish":1,"stat.mineBlock.minecraft.dark_oak_fence":1,"stat.drop.minecraft.hopper":2,"stat.pickup.pvj.log_redwood":72,"stat.drop.minecraft.flint":10,"stat.craftItem.pvj.planks_palm":4,"stat.pickup.levelup2.skillbook":3,"stat.mineBlock.rustic.slate":3,"stat.drop.thaumcraft.amber":1,"stat.pickup.minecraft.cooked_chicken":10,"stat.useItem.minecraft.experience_bottle":2,"stat.fallOneCm":122346,"stat.mineBlock.harvestcraft.pamhazelnut":1,"stat.mineBlock.colossalchests.chest_wall":102,"stat.drop.minecraft.dye":1,"stat.mineBlock.rustic.horsetail":5,"stat.craftItem.minecraft.chest":1,"stat.pickup.dungeontactics.bag_potion":3,"stat.pickup.minecraft.red_mushroom":2,"stat.pickup.minecraft.golden_leggings":1,"stat.pickup.minecraft.melon":1,"stat.pickup.rustic.horsetail":12,"stat.pickup.xreliquary.glowing_water":1,"stat.pickup.minecraft.feather":53,"stat.drop.minecraft.iron_leggings":1,"stat.drop.minecraft.bone":6,"stat.pickup.minecraft.record_cat":1,"stat.pickup.minecraft.iron_leggings":7,"stat.mineBlock.minecraft.gravel":14,"stat.useItem.mysticalworld.silkworm_egg":1,"stat.pickup.embers.ore_aluminum":16,"stat.useItem.minecraft.wool":1,"stat.pickup.minecraft.redstone_ore":1,"stat.useItem.harvestcraft.cherryitem":5,"stat.drop.minecraft.reeds":17,"stat.pickup.minecraft.chainmail_boots":1,"stat.drop.minecraft.stick":14,"stat.pickup.rustic.bee":8,"stat.useItem.minecraft.torch":107,"stat.pickup.minecraft.golden_apple":2,"stat.drop.pvj.spectral_wrappings":16,"stat.pickup.minecraft.crafting_table":2,"stat.craftItem.minecraft.crafting_table":1,"stat.pickup.pvj.log_palm":1,"stat.craftItem.minecraft.boat":2,"stat.mineBlock.ebwizardry.crystal_ore":2,"stat.pickup.minecraft.log":122,"stat.killEntity.entity_deer":3,"stat.pickup.dungeontactics.heart_jar":3,"stat.drop.embers.archaic_brick":20,"stat.drop.minecraft.planks":22,"stat.pickup.minecraft.sapling":33,"stat.craftItem.colossalchests.colossal_chest":1,"stat.pickup.minecraft.wooden_door":1,"stat.useItem.dungeontactics.flower_fade":1,"stat.drop.minecraft.cake":1,"stat.sneakTime":8265,"stat.pickup.thaumcraft.amber":7,"stat.pickup.rustic.chili_pepper_seeds":8,"stat.mineBlock.thaumcraft.crystal_perditio":14,"stat.pickup.minecraft.rabbit":1,"stat.mineBlock.minecraft.cobblestone_wall":2,"stat.useItem.minecraft.baked_potato":9,"stat.pickup.minecraft.stone_slab":2,"stat.pickup.minecraft.yellow_flower":3,"stat.pickup.minecraft.chest":15,"stat.drop.minecraft.stone_pickaxe":1,"stat.drop.ftbquests.book":3,"stat.pickup.minecraft.bone":33,"stat.pickup.minecraft.redstone_torch":8,"stat.drop.minecraft.red_mushroom":1,"stat.pickup.minecraft.beetroot_soup":8,"stat.useItem.harvestcraft.cassavaitem":1,"stat.useItem.harvestcraft.cactusfruititem":3,"stat.swimOneCm":35987,"stat.pickup.rustic.ginseng":6,"stat.mineBlock.quark.glowcelium":1,"stat.climbOneCm":18277,"stat.mineBlock.quark.roots":7,"stat.useItem.colossalchests.chest_wall":115,"stat.useItem.minecraft.dirt":22,"stat.pickup.harvestcraft.chickpeaitem":2,"stat.pickup.roughtweaks.plaster":4,"stat.pickup.tropicraft.flower":2,"stat.drop.minecraft.ender_pearl":2,"stat.pickup.rustic.cohosh":2,"stat.pickup.minecraft.cobblestone":958,"stat.pickup.harvestcraft.lentilitem":1,"stat.pickup.minecraft.glass_bottle":31,"stat.pickup.dungeontactics.flower_fade":11,"stat.drop.minecraft.wheat_seeds":2,"stat.useItem.minecraft.cooked_beef":1,"stat.craftItem.minecraft.wooden_slab":48,"stat.pickup.minecraft.cactus":1,"stat.pickup.endreborn.food_ender_flesh":3,"stat.pickup.minecraft.redstone":25,"stat.mineBlock.minecraft.iron_ore":50,"stat.useItem.harvestcraft.chickpeaitem":1,"stat.drop.rustic.chili_pepper_seeds":2,"stat.pickup.minecraft.mutton":9,"stat.craftItem.colossalchests.chest_wall":48,"stat.drop.minecraft.name_tag":1,"stat.pickup.minecraft.mossy_cobblestone":1,"stat.mineBlock.ebwizardry.arcane_workbench":1,"stat.drop.minecraft.coal":28,"stat.pickup.minecraft.cake":6,"stat.useItem.harvestcraft.cornitem":1,"stat.pickup.minecraft.stonebrick":4,"stat.drop.extrautils2.ingredients":1,"stat.drop.minecraft.dirt":25,"stat.pickup.ebwizardry.magic_crystal":33,"stat.pickup.rustic.sapling":1,"stat.useItem.minecraft.cooked_porkchop":1,"stat.mineBlock.minecraft.nether_brick":3,"stat.pickup.ebwizardry.smoke_bomb":1,"stat.mineBlock.minecraft.grass":70,"stat.pickup.dungeontactics.flower_bark":1,"stat.mineBlock.rustic.planks":3,"stat.pickup.roots.stone_knife":1,"stat.killEntity.ancient_golem":6,"stat.craftItem.minecraft.stick":28,"stat.useItem.minecraft.bed":1,"stat.killEntity.myrmex_soldier":1,"stat.mineBlock.minecraft.crafting_table":2,"stat.useItem.minecraft.carrot":29,"stat.useItem.minecraft.wheat":2,"stat.craftItem.embers.archaic_bricks":6,"stat.drop.rustic.wildberries":1,"stat.drop.minecraft.tipped_arrow":62,"stat.pickup.endreborn.catalyst":3,"stat.mineBlock.minecraft.planks":66,"stat.drop":168,"stat.killEntity.Sheep":11,"stat.pickup.minecraft.slime_ball":4,"stat.drop.minecraft.bread":20,"stat.pickup.embers.ore_tin":12,"stat.killEntity.BrainyZombie":2,"stat.pickup.minecraft.gravel":9,"stat.drop.minecraft.cooked_beef":1,"stat.killEntity.EvocationIllager":1,"stat.useItem.minecraft.apple":1,"stat.mineBlock.minecraft.deadbush":1,"stat.pickup.roughtweaks.bandage":3,"stat.pickup.dungeontactics.bag_record":2,"stat.drop.minecraft.cooked_porkchop":1,"stat.pickup.minecraft.iron_helmet":3,"stat.pickup.minecraft.experience_bottle":2,"stat.pickup.harvestcraft.bellpepperitem":4,"stat.drop.minecraft.bed":1,"stat.pickup.thaumcraft.cinderpearl":3,"stat.mineBlock.embers.ore_aluminum":4,"stat.useItem.minecraft.cooked_chicken":1,"stat.pickup.minecraft.iron_ore":90,"stat.pickup.iceandfire.shiny_scales":7,"stat.mineBlock.ancientspellcraft.crystal_ore_sorcery":2,"stat.drop.minecraft.pumpkin_pie":1,"stat.boatOneCm":205236,"stat.mineBlock.minecraft.iron_bars":4,"stat.mineBlock.minecraft.leaves2":1,"stat.mineBlock.minecraft.stone_stairs":4,"stat.pickup.minecraft.leather":113,"stat.mineBlock.minecraft.furnace":1,"stat.dispenserInspected":5,"stat.drop.charm.record_nether2":4,"stat.pickup.minecraft.dark_oak_fence":1,"stat.pickup.minecraft.prismarine_shard":12,"stat.mineBlock.dungeontactics.flower_cinder":2,"stat.pickup.mysticalagriculture.crafting":171,"stat.useItem.dungeontactics.cherry_bomb":5,"stat.pickup.spartanweaponry.katana_invar":1,"stat.pickup.minecraft.reeds":40,"stat.pickup.dungeontactics.bag_book":3,"stat.pickup.minecraft.prismarine_crystals":6,"stat.damageDealt":39555,"stat.sleepInBed":10,"stat.killEntity.Cow":13,"stat.pickup.mysticalworld.amethyst_gem":4,"stat.killEntity.Pig":1,"stat.pickup.minecraft.boat":7,"stat.walkOneCm":626487,"stat.mineBlock.mysticalworld.mud_brick":2,"stat.pickup.minecraft.stick":42,"stat.pickup.pvj.goon_bile":6,"stat.mineBlock.minecraft.trapped_chest":4,"stat.drop.thaumcraft.cinderpearl":1,"stat.killEntity.pvj_skeletal_knight":5,"stat.mineBlock.dungeontactics.flower_sanguine":1,"stat.drop.minecraft.emerald":5,"stat.mineBlock.thaumcraft.crystal_ignis":1,"stat.pickup.minecraft.air":0,"stat.entityKilledBy.ancientspellcraft:evil_class_wizard":1,"stat.pickup.minecraft.gold_ingot":2,"stat.killEntity.Skeleton":8,"stat.drop.iceandfire.myrmex_desert_chitin":4,"stat.pickup.thaumcraft.ore_cinnabar":2,"stat.killEntity.Chicken":15,"stat.pickup.minecraft.bread":61,"stat.pickup.embers.ore_copper":13,"stat.pickup.minecraft.quartz":3,"stat.pickup.harvestcraft.plumitem":4,"stat.pickup.minecraft.golden_shovel":3,"stat.mineBlock.minecraft.leaves":221,"stat.drop.minecraft.beef":13,"stat.mineBlock.minecraft.stone":342,"stat.useItem.pvj.planks_palm":3,"stat.useItem.minecraft.sandstone":8}