{"stat.useItem.minecraft.air":4,"stat.flyOneCm":1353,"stat.walkOneCm":11378,"stat.drop":4,"stat.mineBlock.minecraft.grass":3,"stat.drop.tropicraft.flower":2,"stat.jump":33,"stat.playOneMinute":3308,"stat.fallOneCm":836,"stat.pickup.tropicraft.flower":3,"stat.pickup.rustic.tomato_seeds":1,"stat.leaveGame":1,"stat.sneakTime":27,"stat.pickup.rustic.chili_pepper_seeds":2,"stat.crouchOneCm":172,"stat.timeSinceDeath":3308,"stat.pickup.minecraft.dirt":3,"stat.sprintOneCm":2736,"stat.mineBlock.minecraft.tallgrass":15,"stat.drop.rustic.chili_pepper_seeds":2,"stat.mineBlock.tropicraft.flower":2}