{"stat.cakeSlicesEaten":5,"stat.drop.ftbquests.book":1,"stat.pickup.minecraft.redstone_torch":2,"stat.useItem.minecraft.iron_axe":124,"stat.leaveGame":4,"stat.mineBlock.minecraft.pumpkin":1,"stat.mineBlock.minecraft.cobblestone":8,"stat.mineBlock.ebwizardry.crystal_flower":1,"stat.mineBlock.minecraft.yellow_flower":2,"stat.pickup.dungeontactics.cherry_bomb":5,"stat.drop.minecraft.redstone":1,"stat.useItem.harvestcraft.cassavaitem":1,"stat.mineBlock.minecraft.sandstone":18,"stat.useItem.harvestcraft.cactusfruititem":3,"stat.drop.uniquecrops.seednormal":1,"stat.swimOneCm":22290,"stat.pickup.rustic.ginseng":6,"stat.mineBlock.harvestcraft.beehive":1,"stat.useItem.minecraft.planks":14,"stat.mineBlock.thaumcraft.ore_amber":2,"stat.useItem.minecraft.golden_shovel":288,"stat.drop.minecraft.cobblestone":11,"stat.pickup.harvestcraft.cactusfruititem":3,"stat.useItem.minecraft.dirt":9,"stat.pickup.harvestcraft.chickpeaitem":2,"stat.pickup.minecraft.iron_boots":1,"stat.killEntity.deathworm":1,"stat.pickup.minecraft.rotten_flesh":1,"stat.pickup.minecraft.sand":194,"stat.mineBlock.rustic.beehive":1,"stat.pickup.tropicraft.flower":1,"stat.pickup.minecraft.cobblestone":16,"stat.pickup.harvestcraft.lentilitem":1,"stat.flyOneCm":1176287,"stat.pickup.ebwizardry.spectral_dust":4,"stat.pickup.minecraft.sandstone":9,"stat.pickup.dungeontactics.flower_fade":8,"stat.mineBlock.minecraft.sand":231,"stat.pickup.minecraft.cactus":1,"stat.pickup.quark.tallow":6,"stat.pickup.minecraft.redstone":1,"stat.mineBlock.minecraft.iron_ore":5,"stat.timeSinceDeath":93597,"stat.pickup.tropicraft.bamboo_shoot":64,"stat.useItem.minecraft.iron_pickaxe":157,"stat.useItem.harvestcraft.chickpeaitem":1,"stat.killEntity.myrmex_worker":1,"stat.drop.rustic.chili_pepper_seeds":1,"stat.pickup.minecraft.double_plant":6,"stat.pickup.minecraft.armor_stand":1,"stat.mineBlock.signpost.blockbasemodel6":1,"stat.furnaceInteraction":2,"stat.drop.minecraft.dirt":1,"stat.mineBlock.minecraft.coal_ore":8,"stat.useItem.rustic.ginseng":4,"stat.mineBlock.pvj.log_palm":1,"stat.pickup.minecraft.shield":1,"stat.talkedToVillager":1,"stat.mineBlock.minecraft.grass":19,"stat.pickup.dungeontactics.flower_bark":1,"stat.useItem.minecraft.written_book":1,"stat.drop.dungeontactics.flower_fade":4,"stat.mineBlock.thaumcraft.cinderpearl":1,"stat.mineBlock.minecraft.stained_hardened_clay":6,"stat.sprintOneCm":207318,"stat.pickup.minecraft.iron_chestplate":1,"stat.mineBlock.minecraft.stone_slab":1,"stat.pickup.minecraft.skull":2,"stat.craftItem.minecraft.stick":28,"stat.killEntity.pvj_small_spider":4,"stat.mineBlock.tropicraft.pineapple":8,"stat.drop.tropicraft.flower":1,"stat.pickup.thaumcraft.crystal_essence":1,"stat.killEntity.myrmex_soldier":1,"stat.mineBlock.minecraft.crafting_table":1,"stat.waystones:waystonesActivated":1,"stat.useItem.minecraft.carrot":24,"stat.useItem.minecraft.wheat":2,"stat.killEntity.CultistKnight":1,"stat.mineBlock.minecraft.planks":12,"stat.drop":22,"stat.pickup.harvestcraft.cassavaitem":1,"stat.playOneMinute":93597,"stat.killEntity.Sheep":1,"stat.killEntity.pvj_snail":1,"stat.craftItem.minecraft.dye":1,"stat.mineBlock.minecraft.tallgrass":59,"stat.diveOneCm":68216,"stat.pickup.minecraft.wheat":6,"stat.chestOpened":4,"stat.pickup.minecraft.pumpkin":1,"stat.pickup.iceandfire.myrmex_desert_chitin":4,"stat.pickup.mysticalworld.venison":1,"stat.pickup.tropicraft.pineapple":7,"stat.pickup.minecraft.gravel":4,"stat.pickup.minecraft.stone_axe":1,"stat.mineBlock.minecraft.deadbush":1,"stat.pickup.pvj.log_redwood":16,"stat.craftItem.pvj.planks_palm":4,"stat.mineBlock.dungeontactics.flower_bark":1,"stat.drop.minecraft.iron_pickaxe":1,"stat.jump":1574,"stat.useItem.minecraft.sand":19,"stat.pickup.minecraft.iron_helmet":1,"stat.pickup.uniquecrops.seednormal":2,"stat.pickup.minecraft.coal":6,"stat.fallOneCm":44727,"stat.mineBlock.harvestcraft.pamhazelnut":1,"stat.drop.minecraft.dye":1,"stat.pickup.minecraft.carrot":37,"stat.mineBlock.rustic.horsetail":5,"stat.crouchOneCm":10141,"stat.pickup.dungeontactics.bag_potion":1,"stat.pickup.minecraft.dirt":26,"stat.drop.minecraft.bed":1,"stat.mineBlock.tropicraft.flower":1,"stat.pickup.thaumcraft.cinderpearl":1,"stat.pickup.rustic.horsetail":12,"stat.craftingTableInteraction":5,"stat.pickup.minecraft.iron_ore":3,"stat.mineBlock.pvj.redwood_bark":16,"stat.boatOneCm":205236,"stat.mineBlock.harvestcraft.aridgarden":3,"stat.drop.minecraft.double_plant":1,"stat.damageTaken":585,"stat.pickup.minecraft.leather":2,"stat.pickup.minecraft.written_book":2,"stat.dispenserInspected":4,"stat.pickup.ebwizardry.crystal_flower":1,"stat.pickup.mysticalagriculture.crafting":3,"stat.pickup.minecraft.planks":20,"stat.useItem.dungeontactics.cherry_bomb":5,"stat.pickup.minecraft.reeds":6,"stat.pickup.minecraft.iron_leggings":2,"stat.pickup.minecraft.bed":8,"stat.pickup.minecraft.wheat_seeds":4,"stat.mineBlock.minecraft.gravel":12,"stat.damageDealt":2529,"stat.sleepInBed":5,"stat.drop.rustic.ginseng":1,"stat.mineBlock.minecraft.dirt":29,"stat.killEntity.Pig":1,"stat.useItem.minecraft.air":25,"stat.pickup.minecraft.boat":1,"stat.walkOneCm":250272,"stat.pickup.rustic.bee":2,"stat.pickup.minecraft.crafting_table":1,"stat.useItem.minecraft.cobblestone":1,"stat.craftItem.minecraft.crafting_table":1,"stat.pickup.pvj.log_palm":1,"stat.useItem.minecraft.gravel":1,"stat.mineBlock.minecraft.double_plant":7,"stat.craftItem.minecraft.boat":2,"stat.pickup.minecraft.log":17,"stat.killEntity.entity_deer":2,"stat.pickup.minecraft.iron_pickaxe":1,"stat.drop.minecraft.sapling":1,"stat.pickup.minecraft.baked_potato":7,"stat.pickup.minecraft.sapling":2,"stat.useItem.dungeontactics.flower_fade":1,"stat.pickup.minecraft.air":0,"stat.pickup.minecraft.apple":17,"stat.useItem.minecraft.fireworks":12,"stat.craftItem.minecraft.planks":20,"stat.killEntity.Chicken":3,"stat.pickup.harvestcraft.queenbeeitem":1,"stat.mobKills":23,"stat.drop.thaumcraft.crystal_essence":1,"stat.mineBlock.minecraft.log":22,"stat.mineBlock.minecraft.waterlily":2,"stat.drop.minecraft.written_book":1,"stat.useItem.minecraft.boat":4,"stat.pickup.minecraft.golden_shovel":1,"stat.mineBlock.minecraft.leaves":43,"stat.pickup.minecraft.torch":32,"stat.killEntity.ebwizardry:remnant":4,"stat.sneakTime":3244,"stat.pickup.thaumcraft.amber":2,"stat.pickup.rustic.chili_pepper_seeds":1,"stat.mineBlock.thaumcraft.crystal_perditio":3,"stat.useItem.minecraft.baked_potato":7,"stat.pickup.minecraft.stone_slab":1,"stat.pickup.minecraft.yellow_flower":2,"stat.mineBlock.minecraft.stone":99,"stat.useItem.pvj.planks_palm":3,"stat.useItem.minecraft.sandstone":8,"stat.pickup.ftbquests.book":1}