{"stat.pickup.minecraft.wooden_slab":106,"stat.useItem.rustic.cohosh":1,"stat.leaveGame":11,"stat.pickup.spartanweaponry.pike_iron":1,"stat.drop.minecraft.redstone":2,"stat.pickup.ebwizardry.spell_book":8,"stat.mineBlock.rustic.leaves":46,"stat.mineBlock.minecraft.sandstone":18,"stat.mineBlock.soot.sulfur_ore":5,"stat.mineBlock.harvestcraft.beehive":1,"stat.pickup.colossalchests.colossal_chest":15,"stat.mineBlock.minecraft.web":4,"stat.drop.minecraft.feather":1,"stat.pickup.xreliquary.mob_ingredient":12,"stat.pickup.dungeontactics.mushroom_silver":1,"stat.drop.iceandfire.manuscript":1,"stat.pickup.minecraft.rotten_flesh":70,"stat.drop.minecraft.redstone_torch":2,"stat.killEntity.Donkey":2,"stat.pickup.minecraft.cobblestone_wall":2,"stat.killEntity.Enderman":1,"stat.useItem.rustic.planks":3,"stat.mineBlock.minecraft.wooden_slab":39,"stat.drop.tropicraft.bamboo_shoot":64,"stat.mineBlock.rustic.log":9,"stat.drop.minecraft.sand":64,"stat.drop.ancientspellcraft.crystal_shard_sorcery":2,"stat.drop.ebwizardry.spell_book":2,"stat.pickup.quark.tallow":13,"stat.pickup.tropicraft.bamboo_shoot":256,"stat.pickup.embers.archaic_bricks":17,"stat.useItem.minecraft.iron_pickaxe":631,"stat.killEntity.myrmex_worker":1,"stat.killEntity.midnight.rifter":2,"stat.useItem.minecraft.iron_shovel":3,"stat.pickup.minecraft.double_plant":6,"stat.useItem.mysticalworld.cooked_venison":3,"stat.mineBlock.embers.archaic_bricks":13,"stat.drop.endreborn.catalyst":1,"stat.pickup.rustic.wildberries":1,"stat.furnaceInteraction":18,"stat.useItem.minecraft.golden_carrot":12,"stat.pickup.harvestcraft.cherryitem":5,"stat.pickup.harvestcraft.cornitem":1,"stat.killEntity.ZombieVillager":2,"stat.pickup.iceandfire.manuscript":4,"stat.pickup.minecraft.beef":75,"stat.pickup.ebwizardry.arcane_tome":1,"stat.useItem.quark.marble":16,"stat.drop.levelup2.skillbook":1,"stat.pickup.ancientspellcraft.crystal_shard_sorcery":8,"stat.mineBlock.minecraft.stained_hardened_clay":6,"stat.useItem.rustic.wildberries":4,"stat.useItem.rustic.wind_thistle":1,"stat.pickup.minecraft.potion":1,"stat.pickup.thaumcraft.crystal_essence":487,"stat.killEntity.Husk":1,"stat.pickup.rustic.olives":7,"stat.mineBlock.embers.ore_copper":47,"stat.pickup.minecraft.emerald":78,"stat.useItem.minecraft.dye":5,"stat.mineBlock.midnight.suavis":2,"stat.pickup.minecraft.bowl":4,"stat.deaths":5,"stat.pickup.minecraft.egg":7,"stat.pickup.minecraft.clock":2,"stat.craftItem.minecraft.iron_pickaxe":2,"stat.drop.minecraft.iron_ingot":2,"stat.drop.minecraft.torch":48,"stat.pickup.dungeontactics.flower_cinder":2,"stat.mineBlock.minecraft.tallgrass":218,"stat.pickup.dungeontactics.bag_food":4,"stat.pickup.minecraft.cooked_mutton":12,"stat.chestOpened":263,"stat.pickup.mysticalworld.venison":5,"stat.drop.xreliquary.mob_ingredient":1,"stat.mineBlock.rustic.chamomile":5,"stat.useItem.midnight.raw_suavis":2,"stat.useItem.roots.stone_knife":1,"stat.pickup.minecraft.arrow":75,"stat.pickup.harvestcraft.waterchestnutitem":1,"stat.pickup.dungeontactics.bag_ore":1,"stat.pickup.rustic.chamomile":9,"stat.killEntity.Vex":2,"stat.pickup.minecraft.gold_nugget":20,"stat.drop.mysticalworld.aubergine_seed":1,"stat.drop.rustic.slate":3,"stat.craftItem.minecraft.coal":2,"stat.drop.minecraft.iron_pickaxe":2,"stat.pickup.minecraft.carrot":70,"stat.drop.minecraft.stone_sword":1,"stat.crouchOneCm":27740,"stat.mineBlock.minecraft.chest":12,"stat.pickup.minecraft.rail":2,"stat.craftItem.minecraft.iron_ingot":36,"stat.drop.embers.ancient_motive_core":3,"stat.drop.minecraft.mushroom_stew":1,"stat.killEntity.furantur":4,"stat.mineBlock.tropicraft.flower":4,"stat.craftingTableInteraction":32,"stat.pickup.minecraft.mushroom_stew":3,"stat.drop.minecraft.double_plant":1,"stat.mineBlock.minecraft.log2":2,"stat.mineBlock.dungeontactics.trap_ambush":1,"stat.mineBlock.thaumcraft.leaves_greatwood":28,"stat.drop.embers.ore_tin":4,"stat.pickup.ebwizardry.identification_scroll":1,"stat.pickup.minecraft.dye":104,"stat.pickup.minecraft.planks":180,"stat.pickup.minecraft.wheat_seeds":9,"stat.drop.mysticalagriculture.crafting":33,"stat.useItem.tropicraft.pineapple_cubes":2,"stat.pickup.iceandfire.cyclops_eye":1,"stat.killEntity.pvj_goon":3,"stat.useItem.endreborn.tool_shovel_wolframium":20,"stat.mineBlock.minecraft.dirt":258,"stat.killEntity.VindicationIllager":3,"stat.drop.roughtweaks.plaster":1,"stat.useItem.minecraft.bread":3,"stat.pickup.roots.wildroot":2,"stat.drop.dungeontactics.flower_sanguine":2,"stat.drop.quark.root":2,"stat.killEntity.pvj_shade":9,"stat.drop.minecraft.rotten_flesh":12,"stat.drop.minecraft.porkchop":6,"stat.useItem.minecraft.cobblestone":71,"stat.useItem.minecraft.gravel":1,"stat.mineBlock.minecraft.double_plant":23,"stat.mineBlock.thaumcraft.crystal_aer":13,"stat.drop.rustic.horsetail":1,"stat.pickup.mysticalworld.antlers":1,"stat.drop.minecraft.chicken":8,"stat.pickup.minecraft.iron_pickaxe":4,"stat.drop.minecraft.iron_ore":14,"stat.drop.minecraft.carrot":11,"stat.useItem.harvestcraft.riceitem":1,"stat.drop.minecraft.sapling":4,"stat.pickup.minecraft.hopper":9,"stat.pickup.minecraft.chicken":19,"stat.pickup.minecraft.tipped_arrow":253,"stat.drop.minecraft.gold_nugget":10,"stat.pickup.minecraft.apple":20,"stat.useItem.minecraft.fireworks":12,"stat.drop.thaumcraft.nugget":1,"stat.pickup.roughtweaks.salve":6,"stat.craftItem.minecraft.planks":188,"stat.pickup.futuremc.cornflower":11,"stat.drop.futuremc.cornflower":3,"stat.pickup.minecraft.stone_sword":4,"stat.drop.thaumcraft.crystal_essence":169,"stat.useItem.minecraft.stonebrick":1,"stat.mineBlock.minecraft.log":143,"stat.pickup.megaloot.tool_axe":4,"stat.mineBlock.minecraft.waterlily":2,"stat.useItem.mysticalworld.venison":1,"stat.pickup.embers.ancient_motive_core":8,"stat.mineBlock.dungeontactics.dungeon_glass":1,"stat.pickup.dungeontactics.bag_quiver":8,"stat.killEntity.pvj_ghost":11,"stat.pickup.minecraft.wool":48,"stat.killEntity.siren":3,"stat.craftItem.thaumcraft.plank_greatwood":4,"stat.pickup.thaumcraft.log_greatwood":74,"stat.mineBlock.thaumcraft.ore_cinnabar":3,"stat.cakeSlicesEaten":5,"stat.useItem.minecraft.iron_axe":191,"stat.mineBlock.minecraft.pumpkin":1,"stat.mineBlock.minecraft.cobblestone":38,"stat.pickup.tropicraft.pineapple_cubes":2,"stat.pickup.minecraft.stone_pickaxe":3,"stat.pickup.minecraft.flint":20,"stat.mineBlock.minecraft.yellow_flower":2,"stat.useItem.harvestcraft.milletitem":1,"stat.useItem.minecraft.skull":3,"stat.pickup.rustic.mooncap_mushroom":3,"stat.mineBlock.thaumcraft.ore_amber":5,"stat.drop.minecraft.cobblestone":289,"stat.pickup.minecraft.cooked_porkchop":5,"stat.drop.minecraft.beetroot_soup":2,"stat.useItem.embers.archaic_bricks":3,"stat.pickup.harvestcraft.cactusfruititem":3,"stat.useItem.minecraft.cookie":1,"stat.pickup.minecraft.bow":1,"stat.pickup.minecraft.iron_boots":3,"stat.killEntity.deathworm":1,"stat.craftItem.ebwizardry.novice_necromancy_wand":1,"stat.mineBlock.embers.ore_lead":1,"stat.pickup.minecraft.stone_hoe":3,"stat.craftItem.minecraft.furnace":1,"stat.pickup.minecraft.pumpkin_pie":1,"stat.pickup.mysticalworld.silkworm_egg":4,"stat.drop.dungeontactics.magic_scroll":2,"stat.pickup.minecraft.record_chirp":1,"stat.killEntity.entity_beetle":1,"stat.pickup.minecraft.iron_trapdoor":1,"stat.mineBlock.minecraft.clay":1,"stat.flyOneCm":1928028,"stat.pickup.minecraft.sandstone":9,"stat.pickup.rustic.honeycomb":8,"stat.pickup.minecraft.fish":1,"stat.pickup.rustic.slate":17,"stat.useItem.harvestcraft.plumitem":4,"stat.useItem.spartanweaponry.longbow_invar":4,"stat.timeSinceDeath":96394,"stat.craftItem.rustic.planks":36,"stat.pickup.dungeontactics.magic_scroll":12,"stat.useItem.minecraft.wooden_slab":91,"stat.mineBlock.rustic.cohosh":5,"stat.pickup.ebwizardry.arcane_workbench":1,"stat.pickup.harvestcraft.breadedporkchopitem":40,"stat.mineBlock.signpost.blockbasemodel6":1,"stat.pickup.harvestcraft.riceitem":1,"stat.mineBlock.dungeontactics.bush_incindiberry":1,"stat.killEntity.entity_silkworm":1,"stat.drop.dungeontactics.heart_jar":1,"stat.mineBlock.minecraft.coal_ore":92,"stat.drop.minecraft.wool":10,"stat.useItem.dungeontactics.ration_iron":1,"stat.mineBlock.pvj.log_palm":1,"stat.pickup.minecraft.shield":3,"stat.killEntity.Creeper":9,"stat.talkedToVillager":1,"stat.pickup.extrautils2.ingredients":4,"stat.pickup.rustic.planks":3,"stat.drop.megaloot.tool_pickaxe":3,"stat.pickup.soot.sulfur_clump":6,"stat.pickup.minecraft.string":13,"stat.useItem.minecraft.written_book":3,"stat.sprintOneCm":760133,"stat.mineBlock.minecraft.stone_slab":2,"stat.drop.minecraft.leather":35,"stat.pickup.mysticalworld.beetle_mask":2,"stat.killEntity.ebwizardry:evil_wizard":4,"stat.drop.roughtweaks.salve":1,"stat.drop.minecraft.stone_hoe":1,"stat.drop.tropicraft.flower":1,"stat.pickup.roots.bark_spruce":4,"stat.mineBlock.dungeontactics.flower_ailment":4,"stat.pickup.minecraft.fireworks":108,"stat.craftItem.mysticalagriculture.tier1_inferium_seeds":1,"stat.waystones:waystonesActivated":1,"stat.killEntity.CultistKnight":1,"stat.useItem.harvestcraft.waterchestnutitem":1,"stat.pickup.dungeontactics.ration_iron":1,"stat.drop.minecraft.boat":2,"stat.mineBlock.quark.marble":23,"stat.mineBlock.embers.archaic_light":1,"stat.pickup.harvestcraft.cassavaitem":1,"stat.pickup.ebwizardry.ruined_spell_book":9,"stat.mineBlock.mysticalagriculture.prosperity_ore":25,"stat.killEntity.Zombie":43,"stat.craftItem.minecraft.dye":58,"stat.pickup.dungeontactics.magic_powder":9,"stat.pickup.roots.terra_spores":3,"stat.mineBlock.minecraft.gold_ore":5,"stat.diveOneCm":114090,"stat.pickup.minecraft.wheat":6,"stat.mineBlock.minecraft.mossy_cobblestone":7,"stat.entityKilledBy.seaserpent":3,"stat.pickup.tropicraft.pineapple":24,"stat.craftItem.minecraft.cooked_porkchop":8,"stat.pickup.minecraft.stone_axe":6,"stat.drop.minecraft.golden_shovel":1,"stat.drop.harvestcraft.bellpepperitem":1,"stat.mineBlock.dungeontactics.flower_bark":1,"stat.pickup.embers.ore_lead":1,"stat.useItem.megaloot.tool_pickaxe":603,"stat.useItem.rustic.mooncap_mushroom":2,"stat.useItem.minecraft.rotten_flesh":3,"stat.jump":5763,"stat.useItem.minecraft.sand":19,"stat.pickup.uniquecrops.seednormal":6,"stat.pickup.minecraft.coal":306,"stat.pickup.minecraft.iron_ingot":10,"stat.pickup.dungeontactics.ducttape":3,"stat.pickup.minecraft.gunpowder":19,"stat.pickup.harvestcraft.milletitem":1,"stat.craftItem.minecraft.torch":256,"stat.pickup.thaumcraft.plank_greatwood":8,"stat.pickup.minecraft.dirt":1105,"stat.mineBlock.pvj.redwood_bark":16,"stat.pickup.rustic.log":9,"stat.pickup.minecraft.gold_ore":5,"stat.pickup.rustic.wind_thistle":2,"stat.mineBlock.harvestcraft.aridgarden":3,"stat.pickup.minecraft.cookie":1,"stat.pickup.minecraft.iron_axe":1,"stat.damageTaken":6000,"stat.pickup.minecraft.written_book":5,"stat.mineBlock.minecraft.torch":11,"stat.mineBlock.dungeontactics.flower_bramble":4,"stat.useItem.thaumcraft.brain":2,"stat.pickup.ebwizardry.crystal_flower":1,"stat.pickup.minecraft.log2":2,"stat.pickup.minecraft.bed":15,"stat.useItem.spartanweaponry.katana_invar":290,"stat.pickup.minecraft.potato":12,"stat.pickup.extrautils2.largishchest":5,"stat.drop.embers.archaic_bricks":2,"stat.drop.thaumcraft.brain":3,"stat.pickup.harvestcraft.sushiitem":48,"stat.drop.rustic.ginseng":1,"stat.killEntity.Silverfish":4,"stat.pickup.midnight.raw_suavis":3,"stat.pickup.minecraft.record_wait":1,"stat.useItem.minecraft.air":137,"stat.useItem.minecraft.tnt":1,"stat.drop.roots.stone_knife":1,"stat.drop.patchouli.guide_book":1,"stat.useItem.minecraft.melon":1,"stat.useItem.megaloot.tool_axe":898,"stat.pickup.minecraft.baked_potato":12,"stat.drop.minecraft.potato":3,"stat.pickup.scalinghealth.heartcontainer":2,"stat.pickup.minecraft.ender_pearl":10,"stat.pickup.minecraft.cooked_beef":3,"stat.pickup.minecraft.ladder":1,"stat.mineBlock.mysticalworld.amethyst_ore":5,"stat.mineBlock.minecraft.tnt":1,"stat.mineBlock.minecraft.stonebrick":34,"stat.pickup.harvestcraft.queenbeeitem":1,"stat.pickup.harvestcraft.cucumberitem":1,"stat.pickup.minecraft.dark_oak_stairs":22,"stat.mobKills":251,"stat.drop.minecraft.written_book":3,"stat.useItem.minecraft.boat":5,"stat.pickup.minecraft.diamond":8,"stat.pickup.harvestcraft.raspberryitem":1,"stat.pickup.minecraft.torch":99,"stat.killEntity.ebwizardry:remnant":6,"stat.pickup.thaumcraft.brain":8,"stat.drop.minecraft.stone_axe":2,"stat.drop.minecraft.arrow":2,"stat.mineBlock.rustic.wind_thistle":1,"stat.pickup.ftbquests.book":4,"stat.pickup.colossalchests.chest_wall":110,"stat.pickup.dungeontactics.bag_magic":3,"stat.pickup.dungeontactics.trap_ambush":1,"stat.mineBlock.ebwizardry.crystal_flower":1,"stat.mineBlock.thaumcraft.ore_quartz":6,"stat.pickup.dungeontactics.cherry_bomb":12,"stat.mineBlock.dungeontactics.trap_port":1,"stat.pickup.pvj.slime_droplet":4,"stat.useItem.minecraft.mutton":3,"stat.drop.uniquecrops.seednormal":4,"stat.pickup.charm.record_nether2":6,"stat.pickup.dungeontactics.flower_sanguine":7,"stat.useItem.minecraft.planks":17,"stat.drop.roots.wildroot":1,"stat.useItem.minecraft.golden_shovel":517,"stat.drop.minecraft.bowl":3,"stat.pickup.minecraft.porkchop":23,"stat.pickup.megaloot.weaponsword":1,"stat.drop.endreborn.food_ender_flesh":1,"stat.mineBlock.thaumcraft.log_greatwood":90,"stat.pickup.minecraft.sand":386,"stat.mineBlock.rustic.beehive":1,"stat.pickup.pvj.spectral_wrappings":79,"stat.pickup.minecraft.name_tag":4,"stat.killEntity.archer":3,"stat.mineBlock.embers.ashen_brick":2,"stat.mineBlock.dungeontactics.mushroom_coal":1,"stat.drop.megaloot.tool_axe":2,"stat.pickup.ebwizardry.spectral_dust":5,"stat.useItem.minecraft.ender_pearl":1,"stat.pickup.minecraft.chainmail_chestplate":1,"stat.mineBlock.minecraft.sand":231,"stat.pickup.quark.marble":22,"stat.pickup.patchouli.guide_book":2,"stat.pickup.dungeontactics.bush_incindiberry":1,"stat.pickup.minecraft.ghast_tear":7,"stat.pickup.minecraft.armor_stand":1,"stat.mineBlock.extrautils2.largishchest":3,"stat.mineBlock.minecraft.dark_oak_stairs":10,"stat.mineBlock.futuremc.cornflower":1,"stat.pickup.harvestcraft.spinachitem":1,"stat.useItem.rustic.ginseng":4,"stat.pickup.embers.archaic_brick":80,"stat.drop.embers.ore_aluminum":4,"stat.craftItem.embers.ingot_copper":9,"stat.drop.soot.sulfur_clump":2,"stat.pickup.minecraft.furnace":3,"stat.useItem.minecraft.cooked_mutton":3,"stat.mineBlock.harvestcraft.windygarden":1,"stat.drop.dungeontactics.flower_fade":4,"stat.mineBlock.thaumcraft.cinderpearl":1,"stat.drop.harvestcraft.breadedporkchopitem":20,"stat.pickup.minecraft.iron_chestplate":5,"stat.drop.ebwizardry.ruined_spell_book":5,"stat.pickup.minecraft.skull":17,"stat.killEntity.pvj_small_spider":5,"stat.mineBlock.tropicraft.pineapple":20,"stat.drop.pvj.log_redwood":14,"stat.useItem.megaloot.weaponsword":3,"stat.mineBlock.embers.ore_tin":10,"stat.pickup.minecraft.stone_stairs":9,"stat.useItem.minecraft.pumpkin_pie":5,"stat.pickup.thaumcraft.nugget":3,"stat.pickup.minecraft.golden_carrot":8,"stat.drop.minecraft.fireworks":54,"stat.useItem.tropicraft.pineapple":3,"stat.useItem.spartanweaponry.pike_iron":71,"stat.mineBlock.minecraft.oak_stairs":2,"stat.playOneMinute":390490,"stat.pickup.mysticalworld.aubergine_seed":2,"stat.useItem.harvestcraft.breadedporkchopitem":4,"stat.killEntity.pvj_snail":5,"stat.pickup.ancientspellcraft.transmutation_scroll":2,"stat.drop.minecraft.chest":8,"stat.drop.roots.terra_spores":1,"stat.pickup.minecraft.iron_bars":4,"stat.pickup.minecraft.pumpkin":1,"stat.mineBlock.colossalchests.colossal_chest":15,"stat.pickup.iceandfire.myrmex_desert_chitin":16,"stat.useItem.minecraft.fish":1,"stat.mineBlock.minecraft.dark_oak_fence":1,"stat.drop.minecraft.hopper":2,"stat.pickup.pvj.log_redwood":72,"stat.drop.minecraft.flint":10,"stat.craftItem.pvj.planks_palm":4,"stat.pickup.levelup2.skillbook":3,"stat.mineBlock.rustic.slate":12,"stat.drop.thaumcraft.amber":1,"stat.pickup.minecraft.cooked_chicken":10,"stat.useItem.minecraft.experience_bottle":3,"stat.fallOneCm":164523,"stat.mineBlock.harvestcraft.pamhazelnut":1,"stat.pickup.endreborn.tool_shovel_wolframium":1,"stat.mineBlock.midnight.tall_midnight_grass":1,"stat.mineBlock.colossalchests.chest_wall":102,"stat.drop.minecraft.dye":1,"stat.mineBlock.rustic.horsetail":6,"stat.craftItem.minecraft.chest":1,"stat.pickup.dungeontactics.bag_potion":3,"stat.pickup.minecraft.red_mushroom":2,"stat.pickup.minecraft.golden_leggings":1,"stat.pickup.minecraft.melon":1,"stat.pickup.rustic.horsetail":13,"stat.pickup.xreliquary.glowing_water":1,"stat.craftItem.mysticalworld.cooked_venison":3,"stat.useItem.charm.bat_bucket":1,"stat.pickup.minecraft.feather":54,"stat.drop.minecraft.iron_leggings":1,"stat.drop.minecraft.bone":6,"stat.pickup.minecraft.record_cat":1,"stat.mineBlock.dungeontactics.barrel":4,"stat.pickup.minecraft.iron_leggings":7,"stat.mineBlock.minecraft.gravel":14,"stat.useItem.mysticalworld.silkworm_egg":1,"stat.pickup.embers.ore_aluminum":33,"stat.useItem.minecraft.wool":1,"stat.pickup.minecraft.redstone_ore":1,"stat.useItem.harvestcraft.cherryitem":5,"stat.drop.minecraft.reeds":17,"stat.pickup.minecraft.chainmail_boots":1,"stat.drop.minecraft.stick":14,"stat.pickup.rustic.bee":8,"stat.useItem.minecraft.torch":215,"stat.pickup.minecraft.golden_apple":2,"stat.drop.pvj.spectral_wrappings":16,"stat.pickup.minecraft.crafting_table":2,"stat.craftItem.minecraft.crafting_table":4,"stat.pickup.pvj.log_palm":1,"stat.craftItem.minecraft.boat":3,"stat.mineBlock.ebwizardry.crystal_ore":2,"stat.pickup.minecraft.log":126,"stat.killEntity.entity_deer":6,"stat.pickup.dungeontactics.heart_jar":3,"stat.useItem.dungeontactics.flower_bramble":1,"stat.drop.embers.archaic_brick":20,"stat.drop.minecraft.planks":22,"stat.useItem.rustic.chamomile":2,"stat.pickup.minecraft.sapling":36,"stat.craftItem.colossalchests.colossal_chest":1,"stat.pickup.minecraft.wooden_door":1,"stat.useItem.dungeontactics.flower_fade":1,"stat.mineBlock.rustic.mooncap_mushroom":1,"stat.pickup.quark.frog_leg":2,"stat.pickup.quark.root":3,"stat.mineBlock.midnight.double_lumen_bud":1,"stat.drop.minecraft.cake":1,"stat.sneakTime":11063,"stat.pickup.thaumcraft.amber":8,"stat.pickup.rustic.chili_pepper_seeds":8,"stat.mineBlock.thaumcraft.crystal_perditio":14,"stat.pickup.minecraft.rabbit":1,"stat.mineBlock.minecraft.cobblestone_wall":2,"stat.drop.minecraft.bucket":1,"stat.useItem.minecraft.baked_potato":9,"stat.pickup.minecraft.stone_slab":4,"stat.pickup.minecraft.yellow_flower":4,"stat.pickup.minecraft.chest":15,"stat.drop.minecraft.stone_pickaxe":1,"stat.drop.ftbquests.book":3,"stat.pickup.minecraft.bone":58,"stat.pickup.minecraft.redstone_torch":8,"stat.horseOneCm":2518,"stat.pickup.dungeontactics.bag_mystery":1,"stat.drop.minecraft.red_mushroom":1,"stat.pickup.minecraft.beetroot_soup":8,"stat.useItem.harvestcraft.cassavaitem":1,"stat.useItem.harvestcraft.cactusfruititem":3,"stat.swimOneCm":51134,"stat.pickup.rustic.ginseng":6,"stat.mineBlock.quark.glowcelium":1,"stat.climbOneCm":23870,"stat.mineBlock.quark.roots":10,"stat.useItem.colossalchests.chest_wall":115,"stat.useItem.minecraft.dirt":23,"stat.pickup.harvestcraft.chickpeaitem":2,"stat.pickup.roughtweaks.plaster":4,"stat.pickup.tropicraft.flower":3,"stat.pickup.dungeontactics.flower_bramble":2,"stat.drop.minecraft.ender_pearl":2,"stat.pickup.rustic.cohosh":10,"stat.pickup.minecraft.cobblestone":1194,"stat.pickup.harvestcraft.lentilitem":1,"stat.pickup.minecraft.glass_bottle":31,"stat.pickup.dungeontactics.flower_fade":12,"stat.drop.minecraft.wheat_seeds":2,"stat.useItem.minecraft.cooked_beef":1,"stat.craftItem.minecraft.wooden_slab":60,"stat.pickup.minecraft.cactus":1,"stat.pickup.endreborn.food_ender_flesh":3,"stat.pickup.minecraft.redstone":25,"stat.mineBlock.minecraft.iron_ore":84,"stat.useItem.thaumcraft.plank_greatwood":6,"stat.useItem.harvestcraft.chickpeaitem":1,"stat.drop.rustic.chili_pepper_seeds":2,"stat.pickup.minecraft.mutton":9,"stat.craftItem.colossalchests.chest_wall":48,"stat.drop.minecraft.name_tag":1,"stat.pickup.minecraft.mossy_cobblestone":3,"stat.mineBlock.ebwizardry.arcane_workbench":1,"stat.drop.minecraft.coal":28,"stat.pickup.minecraft.cake":6,"stat.useItem.harvestcraft.cornitem":1,"stat.pickup.minecraft.stonebrick":8,"stat.drop.extrautils2.ingredients":1,"stat.drop.minecraft.dirt":25,"stat.pickup.ebwizardry.magic_crystal":33,"stat.pickup.rustic.sapling":1,"stat.useItem.minecraft.cooked_porkchop":10,"stat.mineBlock.thaumcraft.plank_greatwood":8,"stat.pickup.minecraft.iron_shovel":1,"stat.mineBlock.minecraft.nether_brick":3,"stat.pickup.ebwizardry.smoke_bomb":1,"stat.mineBlock.minecraft.grass":83,"stat.pickup.dungeontactics.flower_bark":1,"stat.mineBlock.rustic.planks":3,"stat.pickup.roots.stone_knife":1,"stat.drop.rustic.tomato_seeds":3,"stat.killEntity.ancient_golem":7,"stat.drop.spartanshields.shield_basic_tin":2,"stat.craftItem.minecraft.stick":80,"stat.useItem.minecraft.stone_slab":1,"stat.useItem.minecraft.bed":1,"stat.craftItem.minecraft.gold_nugget":9,"stat.killEntity.myrmex_soldier":1,"stat.mineBlock.minecraft.crafting_table":2,"stat.useItem.minecraft.carrot":29,"stat.useItem.minecraft.wheat":2,"stat.craftItem.embers.archaic_bricks":6,"stat.drop.rustic.wildberries":1,"stat.drop.minecraft.tipped_arrow":62,"stat.pickup.endreborn.catalyst":4,"stat.mineBlock.minecraft.planks":78,"stat.drop.megaloot.weaponsword":1,"stat.drop":194,"stat.killEntity.cyclops":1,"stat.pickup.spartanshields.shield_basic_tin":2,"stat.killEntity.Sheep":11,"stat.pickup.minecraft.slime_ball":4,"stat.drop.minecraft.bread":20,"stat.pickup.embers.ore_tin":15,"stat.pickup.minecraft.record_strad":1,"stat.killEntity.BrainyZombie":3,"stat.useItem.heroicarmory.scestoc":33,"stat.pickup.minecraft.gravel":9,"stat.drop.minecraft.cooked_beef":1,"stat.killEntity.EvocationIllager":1,"stat.useItem.minecraft.apple":1,"stat.mineBlock.minecraft.deadbush":1,"stat.pickup.roughtweaks.bandage":3,"stat.pickup.dungeontactics.bag_record":4,"stat.drop.minecraft.cooked_porkchop":1,"stat.pickup.minecraft.iron_helmet":4,"stat.pickup.megaloot.tool_pickaxe":2,"stat.pickup.minecraft.experience_bottle":3,"stat.pickup.harvestcraft.bellpepperitem":4,"stat.drop.minecraft.bed":1,"stat.pickup.thaumcraft.cinderpearl":3,"stat.mineBlock.embers.ore_aluminum":23,"stat.useItem.minecraft.cooked_chicken":1,"stat.mineBlock.harvestcraft.frostgarden":1,"stat.drop.dungeontactics.ducttape":2,"stat.pickup.minecraft.iron_ore":119,"stat.entityKilledBy.siren":1,"stat.pickup.iceandfire.shiny_scales":7,"stat.mineBlock.ancientspellcraft.crystal_ore_sorcery":2,"stat.drop.minecraft.pumpkin_pie":1,"stat.boatOneCm":282254,"stat.mineBlock.minecraft.iron_bars":4,"stat.pickup.rustic.tomato_seeds":4,"stat.mineBlock.minecraft.leaves2":4,"stat.mineBlock.embers.ashen_tile":1,"stat.mineBlock.minecraft.stone_stairs":4,"stat.pickup.minecraft.leather":119,"stat.pickup.dungeontactics.iron_shield":1,"stat.mineBlock.minecraft.furnace":3,"stat.dispenserInspected":6,"stat.drop.charm.record_nether2":4,"stat.pickup.minecraft.dark_oak_fence":1,"stat.pickup.minecraft.prismarine_shard":12,"stat.mineBlock.dungeontactics.flower_cinder":2,"stat.pickup.mysticalagriculture.crafting":204,"stat.useItem.dungeontactics.cherry_bomb":6,"stat.pickup.spartanweaponry.katana_invar":1,"stat.pickup.minecraft.reeds":40,"stat.pickup.dungeontactics.bag_book":3,"stat.pickup.minecraft.prismarine_crystals":6,"stat.killEntity.CaveSpider":1,"stat.damageDealt":65040,"stat.sleepInBed":15,"stat.killEntity.Cow":13,"stat.pickup.mysticalworld.amethyst_gem":6,"stat.killEntity.Pig":5,"stat.pickup.minecraft.boat":7,"stat.walkOneCm":850936,"stat.mineBlock.mysticalworld.mud_brick":2,"stat.pickup.minecraft.stick":42,"stat.pickup.pvj.goon_bile":7,"stat.pickup.harvestcraft.cabbageitem":1,"stat.mineBlock.minecraft.trapped_chest":4,"stat.drop.thaumcraft.cinderpearl":1,"stat.killEntity.pvj_skeletal_knight":5,"stat.mineBlock.dungeontactics.flower_sanguine":1,"stat.useItem.scalinghealth.heartcontainer":2,"stat.pickup.minecraft.tnt":3,"stat.drop.minecraft.iron_chestplate":1,"stat.drop.minecraft.emerald":5,"stat.mineBlock.thaumcraft.crystal_ignis":1,"stat.pickup.minecraft.air":0,"stat.entityKilledBy.ancientspellcraft:evil_class_wizard":1,"stat.pickup.minecraft.gold_ingot":2,"stat.killEntity.Skeleton":21,"stat.drop.iceandfire.myrmex_desert_chitin":4,"stat.pickup.thaumcraft.ore_cinnabar":3,"stat.killEntity.Chicken":17,"stat.killEntity.Spider":1,"stat.pickup.minecraft.bread":64,"stat.pickup.embers.ore_copper":45,"stat.useItem.thaumcraft.log_greatwood":7,"stat.killEntity.quark:frog":2,"stat.pickup.minecraft.quartz":3,"stat.pickup.harvestcraft.plumitem":4,"stat.pickup.minecraft.golden_shovel":3,"stat.mineBlock.minecraft.leaves":224,"stat.drop.minecraft.beef":13,"stat.mineBlock.harvestcraft.soggygarden":1,"stat.mineBlock.minecraft.stone":645,"stat.useItem.pvj.planks_palm":3,"stat.useItem.minecraft.sandstone":8}