{"stat.chestOpened":4,"stat.cakeSlicesEaten":5,"stat.pickup.minecraft.pumpkin":1,"stat.pickup.iceandfire.myrmex_desert_chitin":4,"stat.pickup.minecraft.redstone_torch":2,"stat.pickup.tropicraft.pineapple":7,"stat.useItem.minecraft.iron_axe":39,"stat.leaveGame":3,"stat.pickup.minecraft.gravel":2,"stat.mineBlock.minecraft.pumpkin":1,"stat.mineBlock.minecraft.cobblestone":7,"stat.pickup.minecraft.stone_axe":1,"stat.mineBlock.minecraft.yellow_flower":2,"stat.pickup.dungeontactics.cherry_bomb":4,"stat.mineBlock.minecraft.deadbush":1,"stat.drop.minecraft.redstone":1,"stat.craftItem.pvj.planks_palm":4,"stat.mineBlock.dungeontactics.flower_bark":1,"stat.useItem.harvestcraft.cassavaitem":1,"stat.mineBlock.minecraft.sandstone":18,"stat.drop.minecraft.iron_pickaxe":1,"stat.useItem.harvestcraft.cactusfruititem":3,"stat.jump":967,"stat.swimOneCm":11564,"stat.useItem.minecraft.sand":19,"stat.pickup.rustic.ginseng":3,"stat.pickup.minecraft.iron_helmet":1,"stat.fallOneCm":25915,"stat.useItem.minecraft.planks":3,"stat.mineBlock.harvestcraft.pamhazelnut":1,"stat.drop.minecraft.dye":1,"stat.useItem.minecraft.golden_shovel":281,"stat.drop.minecraft.cobblestone":8,"stat.pickup.minecraft.carrot":37,"stat.mineBlock.rustic.horsetail":5,"stat.crouchOneCm":8711,"stat.pickup.harvestcraft.cactusfruititem":3,"stat.pickup.dungeontactics.bag_potion":1,"stat.pickup.minecraft.dirt":18,"stat.useItem.minecraft.dirt":9,"stat.pickup.harvestcraft.chickpeaitem":2,"stat.pickup.minecraft.iron_boots":1,"stat.mineBlock.tropicraft.flower":1,"stat.pickup.thaumcraft.cinderpearl":1,"stat.pickup.rustic.horsetail":12,"stat.craftingTableInteraction":5,"stat.pickup.minecraft.iron_ore":3,"stat.killEntity.deathworm":1,"stat.pickup.minecraft.rotten_flesh":1,"stat.pickup.minecraft.sand":194,"stat.boatOneCm":205236,"stat.pickup.tropicraft.flower":1,"stat.mineBlock.harvestcraft.aridgarden":3,"stat.drop.minecraft.double_plant":1,"stat.damageTaken":533,"stat.dispenserInspected":4,"stat.pickup.minecraft.cobblestone":12,"stat.pickup.mysticalagriculture.crafting":3,"stat.useItem.dungeontactics.cherry_bomb":4,"stat.pickup.harvestcraft.lentilitem":1,"stat.pickup.minecraft.reeds":6,"stat.pickup.minecraft.iron_leggings":2,"stat.flyOneCm":1082318,"stat.pickup.minecraft.bed":4,"stat.pickup.ebwizardry.spectral_dust":4,"stat.pickup.minecraft.sandstone":9,"stat.pickup.dungeontactics.flower_fade":3,"stat.pickup.minecraft.wheat_seeds":4,"stat.mineBlock.minecraft.sand":231,"stat.mineBlock.minecraft.gravel":10,"stat.pickup.minecraft.cactus":1,"stat.pickup.quark.tallow":6,"stat.damageDealt":1979,"stat.pickup.minecraft.redstone":1,"stat.mineBlock.minecraft.iron_ore":5,"stat.sleepInBed":2,"stat.timeSinceDeath":62910,"stat.pickup.tropicraft.bamboo_shoot":64,"stat.useItem.minecraft.iron_pickaxe":139,"stat.mineBlock.minecraft.dirt":25,"stat.useItem.harvestcraft.chickpeaitem":1,"stat.killEntity.myrmex_worker":1,"stat.killEntity.Pig":1,"stat.useItem.minecraft.air":18,"stat.pickup.minecraft.boat":1,"stat.pickup.minecraft.double_plant":6,"stat.walkOneCm":195571,"stat.pickup.minecraft.armor_stand":1,"stat.mineBlock.signpost.blockbasemodel6":1,"stat.pickup.minecraft.crafting_table":1,"stat.useItem.minecraft.cobblestone":1,"stat.craftItem.minecraft.crafting_table":1,"stat.furnaceInteraction":2,"stat.pickup.pvj.log_palm":1,"stat.drop.minecraft.dirt":1,"stat.mineBlock.minecraft.double_plant":3,"stat.mineBlock.minecraft.coal_ore":2,"stat.craftItem.minecraft.boat":2,"stat.useItem.rustic.ginseng":2,"stat.mineBlock.pvj.log_palm":1,"stat.pickup.minecraft.shield":1,"stat.talkedToVillager":1,"stat.pickup.minecraft.log":7,"stat.mineBlock.minecraft.grass":19,"stat.pickup.dungeontactics.flower_bark":1,"stat.drop.minecraft.sapling":1,"stat.pickup.minecraft.baked_potato":7,"stat.pickup.minecraft.sapling":2,"stat.drop.dungeontactics.flower_fade":1,"stat.mineBlock.thaumcraft.cinderpearl":1,"stat.mineBlock.minecraft.stained_hardened_clay":6,"stat.sprintOneCm":151233,"stat.pickup.minecraft.iron_chestplate":1,"stat.pickup.minecraft.air":0,"stat.pickup.minecraft.apple":17,"stat.useItem.minecraft.fireworks":4,"stat.pickup.minecraft.skull":2,"stat.craftItem.minecraft.stick":16,"stat.killEntity.pvj_small_spider":4,"stat.mineBlock.tropicraft.pineapple":8,"stat.drop.tropicraft.flower":1,"stat.craftItem.minecraft.planks":16,"stat.killEntity.myrmex_soldier":1,"stat.mineBlock.minecraft.crafting_table":1,"stat.waystones:waystonesActivated":1,"stat.useItem.minecraft.carrot":11,"stat.useItem.minecraft.wheat":2,"stat.killEntity.CultistKnight":1,"stat.mobKills":16,"stat.mineBlock.minecraft.log":7,"stat.mineBlock.minecraft.waterlily":2,"stat.useItem.minecraft.boat":4,"stat.pickup.minecraft.golden_shovel":1,"stat.drop":11,"stat.mineBlock.minecraft.leaves":23,"stat.pickup.harvestcraft.cassavaitem":1,"stat.playOneMinute":62910,"stat.pickup.minecraft.torch":32,"stat.killEntity.ebwizardry:remnant":4,"stat.sneakTime":2339,"stat.useItem.minecraft.baked_potato":7,"stat.craftItem.minecraft.dye":1,"stat.pickup.minecraft.yellow_flower":2,"stat.mineBlock.minecraft.stone":96,"stat.mineBlock.minecraft.tallgrass":7,"stat.useItem.pvj.planks_palm":3,"stat.diveOneCm":65954,"stat.pickup.minecraft.wheat":6,"stat.useItem.minecraft.sandstone":8}