{"stat.cakeSlicesEaten":5,"stat.drop.minecraft.stone_pickaxe":1,"stat.drop.ftbquests.book":1,"stat.pickup.minecraft.bone":11,"stat.pickup.minecraft.redstone_torch":2,"stat.useItem.minecraft.iron_axe":191,"stat.leaveGame":4,"stat.pickup.dungeontactics.trap_ambush":1,"stat.mineBlock.minecraft.pumpkin":1,"stat.mineBlock.minecraft.cobblestone":17,"stat.mineBlock.ebwizardry.crystal_flower":1,"stat.pickup.minecraft.stone_pickaxe":3,"stat.drop.minecraft.red_mushroom":1,"stat.mineBlock.minecraft.yellow_flower":2,"stat.pickup.dungeontactics.cherry_bomb":5,"stat.drop.minecraft.redstone":1,"stat.useItem.harvestcraft.cassavaitem":1,"stat.mineBlock.minecraft.sandstone":18,"stat.mineBlock.dungeontactics.trap_port":1,"stat.useItem.harvestcraft.cactusfruititem":3,"stat.drop.uniquecrops.seednormal":3,"stat.swimOneCm":23327,"stat.pickup.rustic.ginseng":6,"stat.pickup.charm.record_nether2":1,"stat.mineBlock.harvestcraft.beehive":1,"stat.useItem.minecraft.planks":14,"stat.climbOneCm":13310,"stat.mineBlock.thaumcraft.ore_amber":3,"stat.useItem.minecraft.golden_shovel":303,"stat.drop.minecraft.cobblestone":11,"stat.pickup.minecraft.porkchop":1,"stat.pickup.xreliquary.mob_ingredient":1,"stat.pickup.harvestcraft.cactusfruititem":3,"stat.useItem.minecraft.dirt":9,"stat.pickup.harvestcraft.chickpeaitem":2,"stat.pickup.minecraft.iron_boots":1,"stat.killEntity.deathworm":1,"stat.pickup.minecraft.rotten_flesh":33,"stat.pickup.minecraft.sand":194,"stat.pickup.minecraft.stone_hoe":2,"stat.mineBlock.rustic.beehive":1,"stat.pickup.tropicraft.flower":2,"stat.pickup.minecraft.pumpkin_pie":1,"stat.pickup.pvj.spectral_wrappings":4,"stat.pickup.minecraft.cobblestone":46,"stat.killEntity.entity_beetle":1,"stat.pickup.harvestcraft.lentilitem":1,"stat.drop.megaloot.tool_axe":1,"stat.flyOneCm":1274314,"stat.pickup.ebwizardry.spectral_dust":4,"stat.pickup.minecraft.sandstone":9,"stat.pickup.dungeontactics.flower_fade":11,"stat.mineBlock.minecraft.sand":231,"stat.pickup.rustic.slate":3,"stat.pickup.minecraft.cactus":1,"stat.pickup.quark.tallow":6,"stat.pickup.minecraft.redstone":19,"stat.mineBlock.minecraft.iron_ore":5,"stat.timeSinceDeath":142197,"stat.pickup.tropicraft.bamboo_shoot":64,"stat.pickup.dungeontactics.magic_scroll":1,"stat.useItem.minecraft.iron_pickaxe":238,"stat.useItem.harvestcraft.chickpeaitem":1,"stat.killEntity.myrmex_worker":1,"stat.drop.rustic.chili_pepper_seeds":1,"stat.pickup.minecraft.double_plant":6,"stat.pickup.minecraft.armor_stand":1,"stat.mineBlock.signpost.blockbasemodel6":1,"stat.mineBlock.extrautils2.largishchest":1,"stat.pickup.rustic.wildberries":1,"stat.furnaceInteraction":5,"stat.useItem.minecraft.golden_carrot":1,"stat.drop.minecraft.dirt":1,"stat.mineBlock.minecraft.dark_oak_stairs":1,"stat.mineBlock.minecraft.coal_ore":8,"stat.useItem.rustic.ginseng":4,"stat.mineBlock.minecraft.nether_brick":3,"stat.mineBlock.pvj.log_palm":1,"stat.pickup.minecraft.shield":1,"stat.talkedToVillager":1,"stat.pickup.extrautils2.ingredients":1,"stat.pickup.embers.archaic_brick":10,"stat.mineBlock.minecraft.grass":27,"stat.pickup.dungeontactics.flower_bark":1,"stat.pickup.minecraft.beef":5,"stat.pickup.roots.stone_knife":1,"stat.useItem.minecraft.written_book":3,"stat.drop.dungeontactics.flower_fade":4,"stat.mineBlock.thaumcraft.cinderpearl":1,"stat.mineBlock.minecraft.stained_hardened_clay":6,"stat.sprintOneCm":258822,"stat.pickup.minecraft.iron_chestplate":1,"stat.killEntity.ancient_golem":1,"stat.mineBlock.minecraft.stone_slab":1,"stat.pickup.minecraft.skull":4,"stat.craftItem.minecraft.stick":28,"stat.drop.minecraft.stone_hoe":1,"stat.killEntity.pvj_small_spider":4,"stat.mineBlock.tropicraft.pineapple":10,"stat.drop.tropicraft.flower":1,"stat.pickup.roots.bark_spruce":4,"stat.pickup.thaumcraft.crystal_essence":1,"stat.killEntity.myrmex_soldier":1,"stat.mineBlock.minecraft.crafting_table":2,"stat.useItem.minecraft.pumpkin_pie":2,"stat.killEntity.Husk":1,"stat.waystones:waystonesActivated":1,"stat.useItem.minecraft.carrot":29,"stat.useItem.minecraft.wheat":2,"stat.killEntity.CultistKnight":1,"stat.drop.rustic.wildberries":1,"stat.mineBlock.minecraft.oak_stairs":2,"stat.mineBlock.minecraft.planks":13,"stat.drop":37,"stat.pickup.minecraft.egg":2,"stat.pickup.harvestcraft.cassavaitem":1,"stat.playOneMinute":142197,"stat.pickup.ebwizardry.ruined_spell_book":1,"stat.killEntity.Sheep":7,"stat.killEntity.pvj_snail":1,"stat.killEntity.Zombie":13,"stat.craftItem.minecraft.dye":1,"stat.pickup.minecraft.iron_bars":2,"stat.pickup.roots.terra_spores":1,"stat.mineBlock.minecraft.tallgrass":86,"stat.diveOneCm":68470,"stat.pickup.minecraft.wheat":6,"stat.pickup.minecraft.cooked_mutton":1,"stat.chestOpened":68,"stat.pickup.minecraft.pumpkin":1,"stat.pickup.iceandfire.myrmex_desert_chitin":4,"stat.pickup.mysticalworld.venison":1,"stat.pickup.tropicraft.pineapple":15,"stat.pickup.minecraft.gravel":4,"stat.useItem.roots.stone_knife":1,"stat.pickup.minecraft.stone_axe":3,"stat.mineBlock.minecraft.deadbush":1,"stat.pickup.pvj.log_redwood":16,"stat.craftItem.pvj.planks_palm":4,"stat.mineBlock.dungeontactics.flower_bark":1,"stat.pickup.levelup2.skillbook":1,"stat.mineBlock.rustic.slate":3,"stat.drop.minecraft.iron_pickaxe":2,"stat.jump":2072,"stat.useItem.minecraft.sand":19,"stat.pickup.minecraft.iron_helmet":1,"stat.pickup.uniquecrops.seednormal":4,"stat.pickup.minecraft.coal":6,"stat.pickup.minecraft.cooked_chicken":1,"stat.fallOneCm":57699,"stat.pickup.minecraft.iron_ingot":4,"stat.mineBlock.harvestcraft.pamhazelnut":1,"stat.drop.minecraft.dye":1,"stat.pickup.minecraft.carrot":37,"stat.drop.minecraft.stone_sword":1,"stat.mineBlock.rustic.horsetail":5,"stat.crouchOneCm":10888,"stat.craftItem.minecraft.torch":24,"stat.craftItem.minecraft.chest":1,"stat.pickup.dungeontactics.bag_potion":1,"stat.pickup.minecraft.dirt":26,"stat.pickup.minecraft.red_mushroom":2,"stat.drop.minecraft.bed":1,"stat.mineBlock.tropicraft.flower":1,"stat.pickup.thaumcraft.cinderpearl":1,"stat.pickup.rustic.horsetail":12,"stat.craftingTableInteraction":7,"stat.pickup.minecraft.iron_ore":3,"stat.mineBlock.pvj.redwood_bark":16,"stat.drop.minecraft.pumpkin_pie":1,"stat.boatOneCm":205236,"stat.mineBlock.minecraft.iron_bars":2,"stat.mineBlock.harvestcraft.aridgarden":3,"stat.drop.minecraft.double_plant":1,"stat.damageTaken":769,"stat.pickup.minecraft.leather":6,"stat.pickup.minecraft.feather":40,"stat.mineBlock.dungeontactics.trap_ambush":1,"stat.pickup.minecraft.written_book":5,"stat.dispenserInspected":4,"stat.pickup.ebwizardry.crystal_flower":1,"stat.pickup.mysticalagriculture.crafting":8,"stat.pickup.minecraft.planks":20,"stat.useItem.dungeontactics.cherry_bomb":5,"stat.pickup.minecraft.reeds":6,"stat.pickup.minecraft.iron_leggings":2,"stat.pickup.dungeontactics.bag_book":1,"stat.pickup.minecraft.bed":10,"stat.useItem.spartanweaponry.katana_invar":14,"stat.pickup.minecraft.wheat_seeds":4,"stat.pickup.minecraft.potato":1,"stat.pickup.extrautils2.largishchest":1,"stat.mineBlock.minecraft.gravel":12,"stat.damageDealt":8628,"stat.sleepInBed":8,"stat.drop.rustic.ginseng":1,"stat.killEntity.Cow":2,"stat.mineBlock.minecraft.dirt":38,"stat.killEntity.Pig":1,"stat.useItem.minecraft.air":35,"stat.pickup.minecraft.boat":1,"stat.walkOneCm":334972,"stat.pickup.rustic.bee":2,"stat.useItem.minecraft.torch":6,"stat.mineBlock.mysticalworld.mud_brick":2,"stat.drop.minecraft.rotten_flesh":10,"stat.pickup.minecraft.crafting_table":2,"stat.useItem.minecraft.cobblestone":2,"stat.craftItem.minecraft.crafting_table":1,"stat.pickup.pvj.log_palm":1,"stat.useItem.minecraft.gravel":1,"stat.mineBlock.minecraft.double_plant":11,"stat.drop.roots.stone_knife":1,"stat.craftItem.minecraft.boat":2,"stat.pickup.minecraft.log":25,"stat.killEntity.entity_deer":2,"stat.useItem.megaloot.tool_axe":15,"stat.pickup.minecraft.iron_pickaxe":2,"stat.drop.minecraft.sapling":1,"stat.pickup.minecraft.baked_potato":10,"stat.pickup.minecraft.chicken":10,"stat.pickup.minecraft.sapling":11,"stat.useItem.dungeontactics.flower_fade":1,"stat.pickup.minecraft.air":0,"stat.pickup.minecraft.apple":17,"stat.useItem.minecraft.fireworks":12,"stat.killEntity.Skeleton":3,"stat.pickup.roughtweaks.salve":1,"stat.pickup.thaumcraft.ore_cinnabar":1,"stat.mineBlock.minecraft.stonebrick":1,"stat.craftItem.minecraft.planks":28,"stat.killEntity.Chicken":14,"stat.pickup.futuremc.cornflower":2,"stat.pickup.harvestcraft.queenbeeitem":1,"stat.pickup.minecraft.stone_sword":2,"stat.pickup.minecraft.dark_oak_stairs":1,"stat.mobKills":67,"stat.drop.thaumcraft.crystal_essence":1,"stat.mineBlock.minecraft.log":34,"stat.pickup.megaloot.tool_axe":1,"stat.mineBlock.minecraft.waterlily":2,"stat.useItem.mysticalworld.venison":1,"stat.drop.minecraft.written_book":3,"stat.useItem.minecraft.boat":4,"stat.pickup.minecraft.golden_shovel":1,"stat.pickup.embers.ancient_motive_core":1,"stat.mineBlock.minecraft.leaves":44,"stat.mineBlock.dungeontactics.dungeon_glass":1,"stat.pickup.minecraft.torch":32,"stat.killEntity.ebwizardry:remnant":4,"stat.killEntity.pvj_ghost":1,"stat.pickup.thaumcraft.brain":1,"stat.sneakTime":4189,"stat.pickup.thaumcraft.amber":2,"stat.pickup.rustic.chili_pepper_seeds":1,"stat.pickup.minecraft.wool":8,"stat.mineBlock.thaumcraft.crystal_perditio":3,"stat.drop.minecraft.stone_axe":1,"stat.useItem.minecraft.baked_potato":9,"stat.pickup.minecraft.stone_slab":1,"stat.pickup.minecraft.yellow_flower":2,"stat.mineBlock.minecraft.stone":128,"stat.useItem.pvj.planks_palm":3,"stat.useItem.minecraft.sandstone":8,"stat.pickup.ftbquests.book":1,"stat.mineBlock.thaumcraft.ore_cinnabar":1}