{"stat.pickup.minecraft.wooden_slab":2,"stat.leaveGame":5,"stat.drop.minecraft.redstone":1,"stat.pickup.ebwizardry.spell_book":1,"stat.mineBlock.rustic.leaves":45,"stat.mineBlock.minecraft.sandstone":18,"stat.mineBlock.soot.sulfur_ore":1,"stat.mineBlock.harvestcraft.beehive":1,"stat.pickup.colossalchests.colossal_chest":1,"stat.mineBlock.minecraft.web":1,"stat.pickup.xreliquary.mob_ingredient":2,"stat.pickup.dungeontactics.mushroom_silver":1,"stat.drop.iceandfire.manuscript":1,"stat.pickup.minecraft.rotten_flesh":46,"stat.drop.minecraft.redstone_torch":2,"stat.killEntity.Donkey":2,"stat.killEntity.Enderman":1,"stat.useItem.rustic.planks":3,"stat.mineBlock.minecraft.wooden_slab":2,"stat.drop.tropicraft.bamboo_shoot":64,"stat.mineBlock.rustic.log":9,"stat.drop.minecraft.sand":64,"stat.pickup.quark.tallow":6,"stat.pickup.tropicraft.bamboo_shoot":128,"stat.pickup.embers.archaic_bricks":2,"stat.useItem.minecraft.iron_pickaxe":478,"stat.killEntity.myrmex_worker":1,"stat.killEntity.midnight.rifter":1,"stat.pickup.minecraft.double_plant":6,"stat.drop.endreborn.catalyst":1,"stat.pickup.rustic.wildberries":1,"stat.furnaceInteraction":7,"stat.useItem.minecraft.golden_carrot":1,"stat.pickup.harvestcraft.cornitem":1,"stat.pickup.iceandfire.manuscript":1,"stat.pickup.minecraft.beef":31,"stat.drop.levelup2.skillbook":1,"stat.pickup.ancientspellcraft.crystal_shard_sorcery":2,"stat.mineBlock.minecraft.stained_hardened_clay":6,"stat.pickup.thaumcraft.crystal_essence":169,"stat.killEntity.Husk":1,"stat.pickup.rustic.olives":7,"stat.mineBlock.embers.ore_copper":13,"stat.pickup.minecraft.emerald":6,"stat.useItem.minecraft.dye":5,"stat.pickup.minecraft.bowl":1,"stat.pickup.minecraft.egg":2,"stat.pickup.minecraft.clock":1,"stat.craftItem.minecraft.iron_pickaxe":2,"stat.mineBlock.minecraft.tallgrass":106,"stat.pickup.dungeontactics.bag_food":1,"stat.pickup.minecraft.cooked_mutton":6,"stat.chestOpened":181,"stat.pickup.mysticalworld.venison":2,"stat.drop.xreliquary.mob_ingredient":1,"stat.useItem.roots.stone_knife":1,"stat.pickup.minecraft.arrow":10,"stat.pickup.minecraft.gold_nugget":10,"stat.drop.rustic.slate":3,"stat.drop.minecraft.iron_pickaxe":2,"stat.pickup.minecraft.carrot":48,"stat.drop.minecraft.stone_sword":1,"stat.crouchOneCm":16511,"stat.mineBlock.minecraft.chest":7,"stat.pickup.minecraft.rail":2,"stat.craftItem.minecraft.iron_ingot":35,"stat.drop.embers.ancient_motive_core":2,"stat.drop.minecraft.mushroom_stew":1,"stat.mineBlock.tropicraft.flower":1,"stat.craftingTableInteraction":16,"stat.pickup.minecraft.mushroom_stew":2,"stat.drop.minecraft.double_plant":1,"stat.mineBlock.dungeontactics.trap_ambush":1,"stat.drop.embers.ore_tin":4,"stat.pickup.ebwizardry.identification_scroll":1,"stat.pickup.minecraft.dye":52,"stat.pickup.minecraft.planks":59,"stat.pickup.minecraft.wheat_seeds":6,"stat.drop.mysticalagriculture.crafting":33,"stat.killEntity.pvj_goon":2,"stat.mineBlock.minecraft.dirt":40,"stat.drop.roughtweaks.plaster":1,"stat.pickup.roots.wildroot":1,"stat.drop.dungeontactics.flower_sanguine":2,"stat.killEntity.pvj_shade":1,"stat.drop.minecraft.rotten_flesh":10,"stat.drop.minecraft.porkchop":6,"stat.useItem.minecraft.cobblestone":26,"stat.useItem.minecraft.gravel":1,"stat.mineBlock.minecraft.double_plant":13,"stat.mineBlock.thaumcraft.crystal_aer":8,"stat.drop.minecraft.chicken":3,"stat.pickup.minecraft.iron_pickaxe":2,"stat.drop.minecraft.iron_ore":14,"stat.drop.minecraft.carrot":11,"stat.drop.minecraft.sapling":4,"stat.pickup.minecraft.hopper":3,"stat.pickup.minecraft.chicken":14,"stat.pickup.minecraft.tipped_arrow":129,"stat.drop.minecraft.gold_nugget":10,"stat.pickup.minecraft.apple":18,"stat.useItem.minecraft.fireworks":12,"stat.drop.thaumcraft.nugget":1,"stat.pickup.roughtweaks.salve":2,"stat.craftItem.minecraft.planks":28,"stat.pickup.futuremc.cornflower":7,"stat.drop.futuremc.cornflower":2,"stat.pickup.minecraft.stone_sword":2,"stat.drop.thaumcraft.crystal_essence":50,"stat.mineBlock.minecraft.log":56,"stat.pickup.megaloot.tool_axe":1,"stat.mineBlock.minecraft.waterlily":2,"stat.useItem.mysticalworld.venison":1,"stat.pickup.embers.ancient_motive_core":4,"stat.mineBlock.dungeontactics.dungeon_glass":1,"stat.killEntity.pvj_ghost":4,"stat.pickup.minecraft.wool":22,"stat.mineBlock.thaumcraft.ore_cinnabar":2,"stat.cakeSlicesEaten":5,"stat.useItem.minecraft.iron_axe":191,"stat.mineBlock.minecraft.pumpkin":1,"stat.mineBlock.minecraft.cobblestone":17,"stat.pickup.minecraft.stone_pickaxe":3,"stat.pickup.minecraft.flint":10,"stat.mineBlock.minecraft.yellow_flower":2,"stat.mineBlock.thaumcraft.ore_amber":3,"stat.drop.minecraft.cobblestone":78,"stat.pickup.minecraft.cooked_porkchop":2,"stat.drop.minecraft.beetroot_soup":2,"stat.pickup.harvestcraft.cactusfruititem":3,"stat.useItem.minecraft.cookie":1,"stat.pickup.minecraft.iron_boots":1,"stat.killEntity.deathworm":1,"stat.pickup.minecraft.stone_hoe":2,"stat.pickup.minecraft.pumpkin_pie":1,"stat.pickup.mysticalworld.silkworm_egg":3,"stat.drop.dungeontactics.magic_scroll":2,"stat.killEntity.entity_beetle":1,"stat.flyOneCm":1374677,"stat.pickup.minecraft.sandstone":9,"stat.pickup.rustic.honeycomb":8,"stat.pickup.rustic.slate":6,"stat.useItem.spartanweaponry.longbow_invar":4,"stat.timeSinceDeath":215628,"stat.craftItem.rustic.planks":36,"stat.pickup.dungeontactics.magic_scroll":4,"stat.pickup.harvestcraft.breadedporkchopitem":20,"stat.mineBlock.signpost.blockbasemodel6":1,"stat.mineBlock.dungeontactics.bush_incindiberry":1,"stat.killEntity.entity_silkworm":1,"stat.mineBlock.minecraft.coal_ore":27,"stat.drop.minecraft.wool":10,"stat.useItem.dungeontactics.ration_iron":1,"stat.mineBlock.pvj.log_palm":1,"stat.pickup.minecraft.shield":1,"stat.killEntity.Creeper":1,"stat.talkedToVillager":1,"stat.pickup.extrautils2.ingredients":2,"stat.pickup.rustic.planks":3,"stat.pickup.soot.sulfur_clump":2,"stat.pickup.minecraft.string":5,"stat.useItem.minecraft.written_book":3,"stat.sprintOneCm":412574,"stat.mineBlock.minecraft.stone_slab":1,"stat.drop.minecraft.leather":35,"stat.pickup.mysticalworld.beetle_mask":1,"stat.killEntity.ebwizardry:evil_wizard":1,"stat.drop.minecraft.stone_hoe":1,"stat.drop.tropicraft.flower":1,"stat.pickup.roots.bark_spruce":4,"stat.mineBlock.dungeontactics.flower_ailment":1,"stat.pickup.minecraft.fireworks":54,"stat.craftItem.mysticalagriculture.tier1_inferium_seeds":1,"stat.waystones:waystonesActivated":1,"stat.killEntity.CultistKnight":1,"stat.pickup.dungeontactics.ration_iron":1,"stat.drop.minecraft.boat":2,"stat.mineBlock.quark.marble":1,"stat.pickup.harvestcraft.cassavaitem":1,"stat.pickup.ebwizardry.ruined_spell_book":2,"stat.mineBlock.mysticalagriculture.prosperity_ore":14,"stat.killEntity.Zombie":17,"stat.craftItem.minecraft.dye":58,"stat.pickup.dungeontactics.magic_powder":8,"stat.pickup.roots.terra_spores":2,"stat.mineBlock.minecraft.gold_ore":5,"stat.diveOneCm":83282,"stat.pickup.minecraft.wheat":6,"stat.mineBlock.minecraft.mossy_cobblestone":1,"stat.pickup.tropicraft.pineapple":18,"stat.pickup.minecraft.stone_axe":4,"stat.drop.minecraft.golden_shovel":1,"stat.drop.harvestcraft.bellpepperitem":1,"stat.mineBlock.dungeontactics.flower_bark":1,"stat.jump":2703,"stat.useItem.minecraft.sand":19,"stat.pickup.uniquecrops.seednormal":4,"stat.pickup.minecraft.coal":89,"stat.pickup.minecraft.iron_ingot":6,"stat.craftItem.minecraft.torch":64,"stat.pickup.minecraft.dirt":128,"stat.mineBlock.pvj.redwood_bark":16,"stat.pickup.rustic.log":9,"stat.pickup.minecraft.gold_ore":5,"stat.mineBlock.harvestcraft.aridgarden":3,"stat.pickup.minecraft.cookie":1,"stat.pickup.minecraft.iron_axe":1,"stat.damageTaken":1108,"stat.pickup.minecraft.written_book":5,"stat.mineBlock.minecraft.torch":6,"stat.pickup.ebwizardry.crystal_flower":1,"stat.pickup.minecraft.bed":10,"stat.useItem.spartanweaponry.katana_invar":65,"stat.pickup.minecraft.potato":4,"stat.pickup.extrautils2.largishchest":1,"stat.drop.embers.archaic_bricks":2,"stat.drop.rustic.ginseng":1,"stat.killEntity.Silverfish":3,"stat.useItem.minecraft.air":55,"stat.drop.roots.stone_knife":1,"stat.drop.patchouli.guide_book":1,"stat.useItem.minecraft.melon":1,"stat.useItem.megaloot.tool_axe":258,"stat.pickup.minecraft.baked_potato":10,"stat.drop.minecraft.potato":3,"stat.pickup.minecraft.ender_pearl":3,"stat.pickup.minecraft.cooked_beef":2,"stat.mineBlock.mysticalworld.amethyst_ore":3,"stat.mineBlock.minecraft.stonebrick":1,"stat.pickup.harvestcraft.queenbeeitem":1,"stat.pickup.harvestcraft.cucumberitem":1,"stat.pickup.minecraft.dark_oak_stairs":7,"stat.mobKills":113,"stat.drop.minecraft.written_book":3,"stat.useItem.minecraft.boat":4,"stat.pickup.minecraft.torch":38,"stat.killEntity.ebwizardry:remnant":6,"stat.pickup.thaumcraft.brain":2,"stat.drop.minecraft.stone_axe":2,"stat.pickup.ftbquests.book":2,"stat.pickup.colossalchests.chest_wall":10,"stat.pickup.dungeontactics.bag_magic":1,"stat.pickup.dungeontactics.trap_ambush":1,"stat.mineBlock.ebwizardry.crystal_flower":1,"stat.mineBlock.thaumcraft.ore_quartz":3,"stat.pickup.dungeontactics.cherry_bomb":5,"stat.mineBlock.dungeontactics.trap_port":1,"stat.drop.uniquecrops.seednormal":3,"stat.pickup.charm.record_nether2":1,"stat.pickup.dungeontactics.flower_sanguine":3,"stat.useItem.minecraft.planks":17,"stat.useItem.minecraft.golden_shovel":303,"stat.drop.minecraft.bowl":1,"stat.pickup.minecraft.porkchop":8,"stat.drop.endreborn.food_ender_flesh":1,"stat.pickup.minecraft.sand":258,"stat.mineBlock.rustic.beehive":1,"stat.pickup.pvj.spectral_wrappings":20,"stat.pickup.minecraft.name_tag":2,"stat.drop.megaloot.tool_axe":1,"stat.pickup.ebwizardry.spectral_dust":5,"stat.mineBlock.minecraft.sand":231,"stat.pickup.patchouli.guide_book":1,"stat.pickup.dungeontactics.bush_incindiberry":1,"stat.pickup.minecraft.ghast_tear":1,"stat.pickup.minecraft.armor_stand":1,"stat.mineBlock.extrautils2.largishchest":1,"stat.mineBlock.minecraft.dark_oak_stairs":7,"stat.useItem.rustic.ginseng":4,"stat.pickup.embers.archaic_brick":22,"stat.drop.embers.ore_aluminum":4,"stat.mineBlock.harvestcraft.windygarden":1,"stat.drop.dungeontactics.flower_fade":4,"stat.mineBlock.thaumcraft.cinderpearl":1,"stat.drop.harvestcraft.breadedporkchopitem":20,"stat.pickup.minecraft.iron_chestplate":1,"stat.drop.ebwizardry.ruined_spell_book":1,"stat.pickup.minecraft.skull":7,"stat.killEntity.pvj_small_spider":4,"stat.mineBlock.tropicraft.pineapple":14,"stat.drop.pvj.log_redwood":14,"stat.mineBlock.embers.ore_tin":4,"stat.useItem.minecraft.pumpkin_pie":2,"stat.pickup.thaumcraft.nugget":1,"stat.pickup.minecraft.golden_carrot":8,"stat.drop.minecraft.fireworks":54,"stat.mineBlock.minecraft.oak_stairs":2,"stat.playOneMinute":215628,"stat.pickup.mysticalworld.aubergine_seed":1,"stat.useItem.harvestcraft.breadedporkchopitem":4,"stat.killEntity.pvj_snail":1,"stat.pickup.ancientspellcraft.transmutation_scroll":1,"stat.drop.minecraft.chest":4,"stat.pickup.minecraft.iron_bars":2,"stat.pickup.minecraft.pumpkin":1,"stat.mineBlock.colossalchests.colossal_chest":1,"stat.pickup.iceandfire.myrmex_desert_chitin":8,"stat.drop.minecraft.hopper":2,"stat.pickup.pvj.log_redwood":30,"stat.drop.minecraft.flint":10,"stat.craftItem.pvj.planks_palm":4,"stat.pickup.levelup2.skillbook":2,"stat.mineBlock.rustic.slate":3,"stat.pickup.minecraft.cooked_chicken":5,"stat.useItem.minecraft.experience_bottle":1,"stat.fallOneCm":71167,"stat.mineBlock.harvestcraft.pamhazelnut":1,"stat.mineBlock.colossalchests.chest_wall":10,"stat.drop.minecraft.dye":1,"stat.mineBlock.rustic.horsetail":5,"stat.craftItem.minecraft.chest":1,"stat.pickup.dungeontactics.bag_potion":1,"stat.pickup.minecraft.red_mushroom":2,"stat.pickup.minecraft.melon":1,"stat.pickup.rustic.horsetail":12,"stat.pickup.minecraft.feather":46,"stat.drop.minecraft.iron_leggings":1,"stat.drop.minecraft.bone":2,"stat.pickup.minecraft.iron_leggings":3,"stat.mineBlock.minecraft.gravel":14,"stat.useItem.mysticalworld.silkworm_egg":1,"stat.pickup.embers.ore_aluminum":8,"stat.drop.minecraft.reeds":17,"stat.pickup.minecraft.chainmail_boots":1,"stat.drop.minecraft.stick":14,"stat.pickup.rustic.bee":5,"stat.useItem.minecraft.torch":99,"stat.pickup.minecraft.crafting_table":2,"stat.craftItem.minecraft.crafting_table":1,"stat.pickup.pvj.log_palm":1,"stat.craftItem.minecraft.boat":2,"stat.mineBlock.ebwizardry.crystal_ore":2,"stat.pickup.minecraft.log":55,"stat.killEntity.entity_deer":3,"stat.drop.embers.archaic_brick":7,"stat.drop.minecraft.planks":10,"stat.pickup.minecraft.sapling":28,"stat.craftItem.colossalchests.colossal_chest":1,"stat.useItem.dungeontactics.flower_fade":1,"stat.drop.minecraft.cake":1,"stat.sneakTime":6902,"stat.pickup.thaumcraft.amber":2,"stat.pickup.rustic.chili_pepper_seeds":4,"stat.mineBlock.thaumcraft.crystal_perditio":14,"stat.pickup.minecraft.rabbit":1,"stat.useItem.minecraft.baked_potato":9,"stat.pickup.minecraft.stone_slab":1,"stat.pickup.minecraft.yellow_flower":2,"stat.pickup.minecraft.chest":5,"stat.drop.minecraft.stone_pickaxe":1,"stat.drop.ftbquests.book":2,"stat.pickup.minecraft.bone":24,"stat.pickup.minecraft.redstone_torch":4,"stat.drop.minecraft.red_mushroom":1,"stat.pickup.minecraft.beetroot_soup":4,"stat.useItem.harvestcraft.cassavaitem":1,"stat.useItem.harvestcraft.cactusfruititem":3,"stat.swimOneCm":28974,"stat.pickup.rustic.ginseng":6,"stat.mineBlock.quark.glowcelium":1,"stat.climbOneCm":13607,"stat.mineBlock.quark.roots":7,"stat.useItem.colossalchests.chest_wall":14,"stat.useItem.minecraft.dirt":13,"stat.pickup.harvestcraft.chickpeaitem":2,"stat.pickup.roughtweaks.plaster":2,"stat.pickup.tropicraft.flower":2,"stat.drop.minecraft.ender_pearl":2,"stat.pickup.minecraft.cobblestone":326,"stat.pickup.harvestcraft.lentilitem":1,"stat.pickup.dungeontactics.flower_fade":11,"stat.drop.minecraft.wheat_seeds":2,"stat.pickup.minecraft.cactus":1,"stat.pickup.endreborn.food_ender_flesh":1,"stat.pickup.minecraft.redstone":24,"stat.mineBlock.minecraft.iron_ore":42,"stat.useItem.harvestcraft.chickpeaitem":1,"stat.drop.rustic.chili_pepper_seeds":1,"stat.pickup.minecraft.mutton":6,"stat.craftItem.colossalchests.chest_wall":8,"stat.drop.minecraft.name_tag":1,"stat.pickup.minecraft.mossy_cobblestone":1,"stat.pickup.minecraft.cake":3,"stat.useItem.harvestcraft.cornitem":1,"stat.drop.extrautils2.ingredients":1,"stat.drop.minecraft.dirt":18,"stat.pickup.ebwizardry.magic_crystal":8,"stat.pickup.rustic.sapling":1,"stat.mineBlock.minecraft.nether_brick":3,"stat.mineBlock.minecraft.grass":27,"stat.pickup.dungeontactics.flower_bark":1,"stat.mineBlock.rustic.planks":3,"stat.pickup.roots.stone_knife":1,"stat.killEntity.ancient_golem":3,"stat.craftItem.minecraft.stick":28,"stat.killEntity.myrmex_soldier":1,"stat.mineBlock.minecraft.crafting_table":2,"stat.useItem.minecraft.carrot":29,"stat.useItem.minecraft.wheat":2,"stat.craftItem.embers.archaic_bricks":2,"stat.drop.rustic.wildberries":1,"stat.drop.minecraft.tipped_arrow":48,"stat.pickup.endreborn.catalyst":1,"stat.mineBlock.minecraft.planks":41,"stat.drop":107,"stat.killEntity.Sheep":10,"stat.pickup.minecraft.slime_ball":1,"stat.drop.minecraft.bread":20,"stat.pickup.embers.ore_tin":8,"stat.killEntity.BrainyZombie":1,"stat.pickup.minecraft.gravel":9,"stat.drop.minecraft.cooked_beef":1,"stat.useItem.minecraft.apple":1,"stat.mineBlock.minecraft.deadbush":1,"stat.pickup.roughtweaks.bandage":1,"stat.drop.minecraft.cooked_porkchop":1,"stat.pickup.minecraft.iron_helmet":1,"stat.pickup.minecraft.experience_bottle":1,"stat.pickup.harvestcraft.bellpepperitem":2,"stat.drop.minecraft.bed":1,"stat.pickup.thaumcraft.cinderpearl":2,"stat.mineBlock.embers.ore_aluminum":4,"stat.pickup.minecraft.iron_ore":54,"stat.mineBlock.ancientspellcraft.crystal_ore_sorcery":2,"stat.drop.minecraft.pumpkin_pie":1,"stat.boatOneCm":205236,"stat.mineBlock.minecraft.iron_bars":2,"stat.mineBlock.minecraft.leaves2":1,"stat.pickup.minecraft.leather":70,"stat.dispenserInspected":4,"stat.pickup.mysticalagriculture.crafting":80,"stat.useItem.dungeontactics.cherry_bomb":5,"stat.pickup.minecraft.reeds":23,"stat.pickup.dungeontactics.bag_book":2,"stat.damageDealt":18645,"stat.sleepInBed":9,"stat.killEntity.Cow":10,"stat.pickup.mysticalworld.amethyst_gem":4,"stat.killEntity.Pig":1,"stat.pickup.minecraft.boat":3,"stat.walkOneCm":466016,"stat.mineBlock.mysticalworld.mud_brick":2,"stat.pickup.minecraft.stick":14,"stat.pickup.pvj.goon_bile":6,"stat.drop.thaumcraft.cinderpearl":1,"stat.killEntity.pvj_skeletal_knight":3,"stat.mineBlock.dungeontactics.flower_sanguine":1,"stat.drop.minecraft.emerald":5,"stat.mineBlock.thaumcraft.crystal_ignis":1,"stat.pickup.minecraft.air":0,"stat.killEntity.Skeleton":7,"stat.drop.iceandfire.myrmex_desert_chitin":4,"stat.pickup.thaumcraft.ore_cinnabar":2,"stat.killEntity.Chicken":15,"stat.pickup.minecraft.bread":20,"stat.pickup.embers.ore_copper":13,"stat.pickup.minecraft.golden_shovel":2,"stat.mineBlock.minecraft.leaves":111,"stat.drop.minecraft.beef":13,"stat.mineBlock.minecraft.stone":230,"stat.useItem.pvj.planks_palm":3,"stat.useItem.minecraft.sandstone":8}