{
  "dungeontactics:dungeoneering/born_survivor": {
    "criteria": {
      "stab": "2024-07-24 02:43:33 +0000"
    },
    "done": false
  },
  "inventorypets:inventorypets/root": {
    "criteria": {
      "auto": "2024-07-24 02:43:33 +0000"
    },
    "done": true
  },
  "iceandfire:iceandfire/root": {
    "criteria": {
      "tick": "2024-07-24 02:43:34 +0000"
    },
    "done": true
  },
  "mysticalworld:root": {
    "criteria": {
      "auto": "2024-07-24 02:43:33 +0000"
    },
    "done": true
  },
  "minecraft:adventure/adventuring_time": {
    "criteria": {
      "swampland": "2024-07-24 02:43:33 +0000"
    },
    "done": false
  },
  "roots:root": {
    "criteria": {
      "auto": "2024-07-24 02:43:33 +0000"
    },
    "done": true
  }
}